Repo Name,File Name,Release Version,TLSH Hash,SHA256 Hash,Date Added
CloudHunter,cloudhunter.py,git:384d81e8e75d6e1f1dcf671b57fbfe6f40a39f26,T1B8C11E6B4C31C320AE12CC7F6C6FD305A73434536648A564F6FC8599AF42A219169FF9,f7a1a6dbfe78e707e0aa4c9ad39242009050b2997225fafc5bb02f8d5b8b2b66,2024-12-11T06:13:09.452125+00:00
CloudHunter,cloudhunter.py,git:3474e1a3f84397f907beeeaebda1dbc6d50d6543,T1CEC13E6B4C31C320AE12D87F6C6FD301A7343453A648A564F6FC8598AF42A219169FF9,31b714ce916a83b277a1994a6d497f77f5f48052ae95cc38f414ad1188b472ff,2024-12-11T06:13:09.860747+00:00
CloudHunter,cloudhunter.py,git:5ec10e498300803196ccfcbd3bbe97183041c861,T1D9C12E6B8C32C220AE13887F6C6FE205B7343453A24CA564F6FC8599AF41A119169FF9,5cc88e63645e4669cb7c6c7df641baf462b8ad5d757ecb986e241496bd062dbe,2024-12-11T06:13:10.282475+00:00
CloudHunter,cloudhunter.py,git:d640db58f0ccebd161dc5e3715b337ec4ff08f65,T19BE14F6B4C32C220AE13CC7F6CAFD211A7353443664DA574FAFC8598AF81A119169FF9,181d70af318f49eb86ec9ab0bfec9112e8a462e9d205efbbc4866cf014e03b53,2024-12-11T06:13:10.677577+00:00
CloudHunter,cloudhunter.py,git:09f219219403877dba17f09e13377018c12d8d26,T1AA22756A8C119234EB13C87F5CAEE7026B363813620D7074B6FD91987F5692181EAFF5,89cfed28eb2d9c50bf0edcb9b340d534340dadbf30c5bb2eb436183662dad746,2024-12-11T06:13:11.095354+00:00
CloudHunter,cloudhunter.py,git:2cac6716915c01b98f155b1dbdadb186840ec928,T12F22756A8C119234EB13C87F5CAEE7026B363813620D7074B6FD91987F5692181EAFF5,4e1d505ef4f69b3e07c37e6d1e76975133a482e0746ac32ca197335e538e3fb9,2024-12-11T06:13:11.507745+00:00
CloudHunter,cloudhunter.py,git:9db26aae0db9e4facb94e5efe7082e9bf98bb8a1,T15F2263668C119134EF23D82F9CAEF7026B353813620D6174BAFD92997F4192182E5FF5,0e2a11a968434982794f1dbe04381933eb73e004d7e468b99bd6e39c50112679,2024-12-11T06:13:11.920837+00:00
CloudHunter,cloudhunter.py,git:a6ac64fbde848b83753a47d59ce0f15d70e1c62d,T1C182BA668816E637E717C83F58AFE703B72A7843510CA174FAFC42983F50512D2A5EE9,57dbb50b37f425d5e6af36ac5114c97e767fc6fcd2801b286ea4d336f3bea6d9,2024-12-11T06:13:12.344498+00:00
CloudHunter,cloudhunter.py,git:9785a6c4f7172ccb3b848b585a2c896a60c485af,T15982B9668816E637E717C83F58AFE703772A7843510CA178FAFC42983F50512D2A5EE8,5f31ceb4b6c27516f52098de810841d22a173ad42b461af62499d323294f6f41,2024-12-11T06:13:12.750457+00:00
CloudHunter,cloudhunter.py,git:71fd0b5143c08345261ce65f971c1c677c59294c,T19E92D9668C16A637E753CC3F589FE603772A7803510CA478FAFC82983F41512D269EE9,e11199ef69b438710ea824176c3dbf30100ce6ad8a89c362fbed576630cffc36,2024-12-11T06:13:13.165082+00:00
CloudHunter,cloudhunter.py,git:09fdff984a47c2454937a6f0949fb4781ddfe43e,T1AE92D9568C16E237E753C83F589FE603B72A7803510CA479FAFC82983F41912D265EE8,6127e505c1e571f33abcbbfa59d3075660fae4012679673ec9afe19c39082944,2024-12-11T06:13:13.581144+00:00
CloudHunter,cloudhunter.py,git:60676669b8da637bdd6a1b848fd3b2559815ba8d,T11D92D8568C16E237E753C83F589FA603B72A7803510CA479FAFC96983F41912D265EE8,ce51ea80220ffd6db86f2ef1ea8483abb0701ddb56b0b753be2c5fda00f6f061,2024-12-11T06:13:14.018078+00:00
CloudHunter,cloudhunter.py,git:65a7b00f92ecf95c1a5846c064edba2caa537875,T16492D9568816E237E753C83F689FB603771AB403510C6479FAFC96983F41912D265EE8,1f46d846bbb37e7627fc504ece5754cef5b3a5f14c335427643c76966b3ec82e,2024-12-11T06:13:14.490076+00:00
CloudHunter,cloudhunter.py,git:43685d760936697841d892be03a2b62ca8673a70,T18D92DA568C16E237E753C83F689FB603B72A7443510CA479FAFC92983F40912D265EE8,d26747317541888679969ee9207408e145af1e2b52f3dd990dc50f9734a356e2,2024-12-11T06:13:14.909188+00:00
CloudHunter,cloudhunter.py,git:9ee4174e22d6b85c3b6b9c4ab568f247d78e52cc,T13F92DA568C16E237E757C83F689FB603B72A7443510CA479FAFC92983F40912D265EE8,8c721a6af27d59fd4d85a2e4b19fc5fa8ad956a716066f337cd16a10709db4ec,2024-12-11T06:13:15.378026+00:00
CloudHunter,cloudhunter.py,git:bee63252808fde5a582d76fb89b6d44c3c06563d,T142A2C8664816F127D753D83F589EB703B72AB843610CA4B4FABC52A83F41512D279DEC,ed4fbbec48e1828a2679ef21698b03f2feb82aa7f4922f41c959e2e71fe2e6b7,2024-12-11T06:13:15.780078+00:00
CloudHunter,cloudhunter.py,git:52e830c766c095b5d07e9b222640f0206356e0d0,T1CFA2C8664816F127D753D83F589EB603772AB843610CA4B4FABC92A83F41512D275DEC,57b72ec70e5ba521164284430cd2b49f86870da238132f7b2c85a5f37506ef95,2024-12-11T06:13:16.200196+00:00
CloudHunter,cloudhunter.py,git:0b321ead11896e3113c797d7f1a6371217eea32f,T173A2C8664816F127D753D83F589EB603B72AB843610CA4B4FABC52A83F41512D275DEC,2eb02a526684b93470c0a37e5f8498a3b228f8fd993235bab0a7948277f7c236,2024-12-11T06:13:16.644749+00:00
CloudHunter,cloudhunter.py,git:107af4b92be4086b245d7cff5bd9b7a4a02b32ee,T143A2C7664816B127D753D83F589FB603772AB843610CB4B4FABC52A83F41512D2B9DEC,ee95ac9af4ed36222e097c9a7827b4bc7f47e03a1974ba87f3f9771fba72508d,2024-12-11T06:13:17.063375+00:00
CloudHunter,cloudhunter.py,git:2cae5bc99e6d86f8e58a3e7ab2e0aaab1ae9cc48,T199C2A5618806B123EBA3C87F989AE6037719B843610D71B8FDFC92583F91556C279DF8,2784e0462f41964837d2530bc880ecee4fb85996e2e746b62b593f04763fdf36,2024-12-11T06:13:17.476426+00:00
CloudHunter,cloudhunter.py,git:7be5e1e90509b649ac2eb09f7e8d2aa7b8d66e68,T14FC2A5618806B123EBA3C87F989AE6037719B843610D71B8FDFC92583F91556C279DF8,5eb230f43d71ee92805a7085d019ff76c1ce9d9fbdb43237fd73ceb0c4336668,2024-12-11T06:13:17.876579+00:00
CloudHunter,cloudhunter.py,git:d7dcc019cef2152ba4e1c320e45f97b4187049d8,T167C295618806B123EBA3C87F9C5AE6037719B843610D71B4BDFC92583F91556C2B9DF8,2386878e667e556ea41cb6776b0511985e4065a2e37931b7378116606824658e,2024-12-11T06:13:18.278067+00:00
