TLSH Hash,SHA256 Hash,Repo Name,Date Added,Release Version
T1380633AB81763DDF41D4D192AAA040BA711381F3BEFF0D9707822979679E27036D493B,5a7e6ba198e840492d34d7110e1c90118642faac542773121a4c4cc9b44c226a,chisel,2024-12-05T04:44:44.686110,v1.10.1
T15C06330FA6B1FAE79058B3874163C61A722B10801B693D6FB656D1ECA0C39FE4D4677C,474bf6d3dd92c9162950d1a8d8e912709b1e48494ca6af5dc5d0381ab80e56bd,chisel,2024-12-05T04:44:45.106911,v1.10.1
T1D3D0A9B71A40C42E6C80A688BE70924DD371321AEBC8A9B004888800D418ABED27A811,8d6e66d772905767702d5abba774191fde828b058a9e732d5086cf7d5b240431,chisel,2024-12-05T04:44:45.583141,v1.10.1
T1FB962851F9CB00F6E9431A3054ABB23F67315D058B24EBD3EA147F2AF93BA91193621D,01354bbc3d48508cbf75dc75bb19d9517e31758ed473eb0cb4d268e2d21b596d,chisel,2024-12-05T04:44:45.933066,v1.10.1
T1EDF533BAF091583FBA825B6CE16FD17DFACE0B73422D29354A4C9AE5D6831E41470C4E,9737179a33736ecfd3bc6c25d48c0b64285bbc7d06f6494f8650e945cf538741,chisel,2024-12-05T04:44:46.332759,v1.10.1
T19FD023F3CE40902D6FC5E7C8B568564C5350269057468DF00848DC00C0A66DDD36D445,973dddb608ff5820ee02920ebac3482ec449804e2828a1d886d94162c6ca7047,chisel,2024-12-05T04:44:46.811248,v1.10.1
T1B2963907ECA544E8C0EDD6308A669263BB717C495B3027D72B60F7782F76BD06AB9350,0a76c28f5452dbbc146752d0b4e28b10779a337091f59650b94f5e938545572c,chisel,2024-12-05T04:44:47.144951,v1.10.1
T10506332992133DAAAC74744A9D132E9C66928EFC1CF5469D18DCCFBC01C96F843B8B35,0525aa3c5d457f2a4075e66221d5125d434bedf15006d3271c213f5cd6ff2230,chisel,2024-12-05T04:44:47.580861,v1.10.1
T1D5D0A9BA0710802A6982A684EE24164A9AF222105F91C8B848A4A8228002EF9A98DD00,17304c85f21575c1a04e3a170d1682a6f86b94a31fcb3c6b0fe9d47ce6a523f3,chisel,2024-12-05T04:44:48.089259,v1.10.1
T16F965CD9BC1D7862DAC8BEB43B6441C47235FC499F81C7277614BBAEA8F23548F61260,c6f4a347d1b38fd2a52c3f4d508d86f62316006953d607db3f87bbdf1e60656a,chisel,2024-12-05T04:44:48.431066,v1.10.1
T19FF533DD9445BC083EDDE2C459D2A69A3A711D1B85B0BCB2713EEF58C1E31B8886D372,f55beb68fb99b69903df1adcff4197fbfdb82cb0ee596848c0f055dc219da983,chisel,2024-12-05T04:44:48.873606,v1.10.1
T1CDD0A97B4A1080AA6DC1AA88BA6481999AB922119BD49DB0029458008012DFE8E1E842,a036d2d71bc584cc5227a06a917530649eee7abe08a82ca4632a62c68e99d2b7,chisel,2024-12-05T04:44:49.511939,v1.10.1
T165961997B8924943C4E83637F8BE81C432A70EB99B9752665D04FE383EBE1D90E35744,51e0d46d9fccc65de69ac29cc627124d42508861a80c043c7cb25ee53145f6dd,chisel,2024-12-05T04:44:49.843847,v1.10.1
T1D4F5334AF2280B3D36DCF5C1D4AD6E40DAC25701168D2270D74983CE9D978D8BB9EA7E,d72acf842cc1242abc4c6856b39ae942a313dc4ea45f8b73afb61968bc9f9112,chisel,2024-12-05T04:44:50.271077,v1.10.1
T19CD02376EF10D47D7EC8FD84F531015D56B12110575555E054D4A800C0145FD416B609,bbedd2466f89b7a18a41e1eaa417a34e737d708bbe253f495a3a06284ec645f4,chisel,2024-12-05T04:44:50.802233,v1.10.1
T1E2961897B8924952C4E43A7BF87D80C432A30EB99B97526A5D04FE3C3EBE5D90E35704,5a1952ad863561203eba548728c0d1e58b517e6221e91e989e0a933205084306,chisel,2024-12-05T04:44:51.011319,v1.10.1
T142F5339AF53BD6CA984019A7735C398B3EE2EA7CF4B142F8C014F5122D4A2D5C761B4B,bc9f6f07709af29191d77a48f451404c0d0fbff686460b3d11982ab1420fce9f,chisel,2024-12-05T04:44:51.575837,v1.10.1
T124D023B31554D09E7881AF84EB20514CFEA133009F84455411E45911C04D5FD9537C05,31c8c3d6221bec4d7299051898b2217a545aa9cd6d253a0da9e97d419b4f6268,chisel,2024-12-05T04:44:52.095424,v1.10.1
T1CB960997B8924953C4E43676B8BE80C832A31EB99B97526B5D04FE3C3EBE1D90D34714,8506640398c2f514d8e364996f9e6b9e683bb2e3e915dd4bd0bbd4cff2cb34ed,chisel,2024-12-05T04:44:52.333431,v1.10.1
T104F53350F54BC8818D0D698E8CF30CA7D76518FD472218FB0D5F7A56B80AEAA4BD1DA3,f81c1497d22caa0bb6e461b36e9f46a27f9edeaae3e3994aae2f8a5c2c9b84ef,chisel,2024-12-05T04:44:52.762425,v1.10.1
T170D022FB1B20D06BAC82F6C8FA60834CC7A03601DB408564A8D4EC00C0A5BEBD3AAC06,1d65356a5968214ffa0558de4952f6c56bcd0620574dd168fd228b04d25eaa27,chisel,2024-12-05T04:44:53.465229,v1.10.1
T119A6E965A9C22F66C1CC03B445EE636662543E059AE5472323F4EBEC3A7773CEF46848,179e8f0ba0038b969b54ea39533db5e6e74525b020d419c3fba68ae1e9d9ca55,chisel,2024-12-05T04:44:53.778972,v1.10.1
T16BE533E0F401B7D066BA9F6CE5B5AC7EB31D8BBBB4177B01308853B501512336F9A2A5,25b193965b24667bc2dbbc41485cbd0b1d12b06033df65455ce822fe0e13fbb4,chisel,2024-12-05T04:44:54.179655,v1.10.1
T14ED023B31B10587D9EC2B7C4B954124CF7712712DF40497158C494449045FED8315806,f1f94abab7357d6a30057e107aea73fac6c89c464328a92843086a504240a027,chisel,2024-12-05T04:44:54.919792,v1.10.1
T19DA6F955ADC22F66D1CC03B481EE625662647E058AE5436323F4EBEC3A7733CEF56848,5058004fcff969739f7bcef2a868beff3291869b69bc64aa599f6a9d68cd3cbb,chisel,2024-12-05T04:44:55.277624,v1.10.1
T1B9E53350504B8DE239A673B7EA237F12366333F409375F22AD27FCB4A94525F966280D,e0e32a966ed7605a67dcb8c7d5d425460d84dca99f6a9464bda12f9941dbbd7f,chisel,2024-12-05T04:44:55.637452,v1.10.1
T1C0D022B66F40812E7C91BBC8B931120996A13728874898A4A8D498058067AFD8225D11,ba0ce1cfab2c2b57e9f125e0fd9f8cf6f12114a0f261ffb82322b506f6514d16,chisel,2024-12-05T04:44:56.185324,v1.10.1
T1E5A61852BF59DE4BE29821348AB6C23833D57D0585E03436D712F7192EBF2B0992BDD8,95d358ba27e8b4dbf725ee61b084a54db7d5ffd6067c3b87a1d2195dd9624c19,chisel,2024-12-05T04:44:56.355594,v1.10.1
T186E5339D732203C0DD2DAC7E4F51171C126B79ED168C54131CFA12E99DA8E40AEB8FAE,4f2eadde4c2751a9cf627da648b9b84444253fdffe965da46d55fe5dbe50a940,chisel,2024-12-05T04:44:56.780486,v1.10.1
T1C4D022F31B00902FACC5F288B920522C5B793329AF8898B00888B100C02AFFE8765C04,005f8a6b91bc5096da1fb770ba95d3e821180b22e3baa1fb7f4c2ca2a2035932,chisel,2024-12-05T04:44:57.276085,v1.10.1
T1B6A61862BF58EE1FD2D422348AA6C33833D57D0182E16532C716F7191EBE2B4991BDD8,fd0b29cb5caeadb1eb373d9aacc651ead00e82c8fd44981424b4f8dff6f6bda9,chisel,2024-12-05T04:44:57.608338,v1.10.1
T133F5330614D53A15EFCA223F907B361662CD8F5271E149E69D0633F8E47928F6F8CB1A,bcc5d164b4116f5a305b656e8092eb55c5231dd0be4d7b3c3fccf3c39fe3e851,chisel,2024-12-05T04:44:58.015359,v1.10.1
T1F8D0227F9B00D02A688AB7CCBA60228C9EB037241B80ECF058D1CE20C095CEBC647081,54eb235252a217f97d3ea4885fe34f50cf7b2bf7d0a146f6433e55c8a91c9e06,chisel,2024-12-05T04:44:58.524107,v1.10.1
T10CA6E854EDC82BEAC06C8B7490EACD5122705E144AF15B3662A0FFE9BC762747F4789C,11729342218235571dfac45a02798660e7e0d9f417bc4a4ad1e8a012c581547e,chisel,2024-12-05T04:44:58.869008,v1.10.1
T111F533A8ABBD22A8B925508BDD8C35FA8069395376CF751EF41270E35FFCC4055CEA09,fb7b1b94a339a1d73f5485d6700fddde86593194aea357fc92ec1eb4899e2f08,chisel,2024-12-05T04:44:59.292538,v1.10.1
T1A9D022B30E00E03BBC91FAC4FA79021D93216B309BC498F020D2D602804AEEAC75E805,bbe9203229431f77d9a5cb52434cd6cb6cacc7f1a788e140f26028bb3f0a6531,chisel,2024-12-05T04:44:59.910618,v1.10.1
T1FBA6E904AD882BE6C06C8F7890E6CA5522B45D244BF14A3526A4FFECBC762757F47C9C,e20b6c8b4985e132b313fec258997bbbc4c831affa12fccf0bf96a7a3017eaf9,chisel,2024-12-05T04:45:00.245497,v1.10.1
T1C7F5339AD64EDCAD13F19CE34085D60A0D598D16A659005FA8B793A02FF734CC2F1FBA,145d412e9b8b954af9fce01d1f5092ecd3d502eb1674bbab905ee8c5d3adec59,chisel,2024-12-05T04:45:00.712968,v1.10.1
T1E7D022B61A06A16AACC0F2C8FF20D60CAAE2F2186B80C4B0488484808051EFAAA5E065,e52b834847f0e7a47217b5bc45f9a2987b5af144a4efdba364e19459c31426cd,chisel,2024-12-05T04:45:01.218361,v1.10.1
T150A628236E29EB1FC668113409B2CA98677A1C4645DAA517B341F30DF9F20BC996FCF1,85e254404ccb6adaf269e4b2200c5a460eda258ed647fc955e84b19df263f7c7,chisel,2024-12-05T04:45:01.562342,v1.10.1
T1DAF5339C7F443F98124B33926FA89173E6D18EA02D7BD1B6BCCFC049A55A1DD8F49481,1042ee64aa4047e2e0b5b7125c75a00feecfcc04a0b7459014f208e83d180928,chisel,2024-12-05T04:45:02.016743,v1.10.1
T141D022B71F00D03A9DC9B788FE24634CAB72332A3BC4A47014E59600C0279EF826DC4A,9f55f25a584ab946b54cf32a2139d9b8203a4f421ce35deda087ffde7c0a1649,chisel,2024-12-05T04:45:02.655824,v1.10.1
T170A6F7136E29EB0FC66C113489B2CEA4673E1C4645DA9517E381F309A9B20BC9D6FDF1,b7d0fc79aed5d3e33111f69551538818e97c243318476e56af6ef2348ed6aa47,chisel,2024-12-05T04:45:03.009960,v1.10.1
T189F533787279560778BACC9BB36EAEB58197E2897FC6FA4130844E5E07007F78C27194,e01c7c0915dc00ca150d76060d8aa62dacaf6026f91afa6883a7df94e5db4c92,chisel,2024-12-05T04:45:03.380172,v1.10.1
T12ED023B24704D039FC91D1C4BE35214C576533326BCC62E044CDD800C004FFF5506901,2d7833f20d4ced7439aedb68a0bd476ac8addf7c2563f96796d76292bbfe49dc,chisel,2024-12-05T04:45:03.909582,v1.10.1
T189966C80F748A129EA5A0B7248630B74B3616D42C1F5C87F9709F72F15B16FA5A8FED0,6c966067593122900fc28d1fa594452e9163764afd97e68d0e0036182ac2df1e,chisel,2024-12-05T04:45:04.094337,v1.10.1
T157F53377320F2C15AB5F0CB65870D62EAAB15CCC929B5A481DD1DF08278F09E9E66C1F,f42f2bacc857347ec28669908f56c894377d685738b3686e661619d2e9b22922,chisel,2024-12-05T04:45:04.626772,v1.10.1
T150D0237F1A01A07D5CC2B7C47624524CD77017307F6559B065E04502C0157FED316C41,3b922e2a0c2826c0cdb154339556b60d4be9dcf70006d301b44db7b5a56e42ea,chisel,2024-12-05T04:45:05.201282,v1.10.1
T1FB964B86F7092F95C924893385A34EA027B26D442B329792EB44F67F7CF63050F56F98,135f7296d5b53745ba045c4e92766ff9ddef99817cb4d6d0f14b43f995d99d40,chisel,2024-12-05T04:45:05.497946,v1.10.1
T1D9F533F393A87ABFC54B29BAC0423955F403E18BF6B72BF11907B5899137902C6F4564,8f90059be4495b84ec75ae64de0b84b7f588bfb79c0d3a9e98e5e32e01dbb283,chisel,2024-12-05T04:45:05.972707,v1.10.1
T1B8D023777A00952E5DC3E549BD34918586E673335B4494E5105C88418006DD7671DC50,2c34d86d1c2546866da6e7192106f99eb3623d829a7c8c8df824066296a9ba20,chisel,2024-12-05T04:45:06.484384,v1.10.1
T1A0A608C1E9A1C24AD63D6D31EFD6EFDCE26A2E315DC8594AC9C8F73E0DB214480B55A0,03643bbd9d3ad08fc811ebcd8164e8fa0326ba01d0b430400a8e017f6f0700d3,chisel,2024-12-05T04:45:06.825124,v1.10.1
T1EC0633AB1CB2E1BEA39A420FBBD856356016E053715AD509A453FB32CDD00B9E05FDBC,80d57ef943d2a9fc5c18d0c0d852a585b0ba6ba4b9388d9592b143b7ad151531,chisel,2024-12-05T04:45:07.281720,v1.10.1
T177F53330EEBE119379680E752AA57F7EA6983E55AF33074601D1DE30E94B38D673A4C0,ec827a104f2eab50becc0f252c1209739b38a9ffb6cebb9fae2008f9e0b27c5f,chisel,2024-12-05T04:45:07.758995,v1.10.1
T15C0633CD7DEE5ADDF0A4F2C6723880DE1298F4FB4B4662F1CD4E521A021586B17AEB10,abcad82bc9de4f7c8112f8ef152170cd66dd3472a0109a4714097ac425d53b9b,chisel,2024-12-05T04:45:08.204859,v1.10.1
T12CF533D0B0D254B76D5B4B36415F952AF3C514D72031E20E30DEE263DCA2399AE36BAB,b333546e9e954ed72df741941e0f529293b2ff6c39d2e68c47a6172d57c3b8eb,chisel,2024-12-05T04:45:08.660923,v1.10.1
T159F533B616A38FD6621FC8075410DDAC9BD672DC93D4EBADE3471CC80E9E811D2B2897,fa5f64917a058fc46bfb6060dbf4acce07ba10266425c87cb8177ae3f30546cc,chisel,2024-12-05T04:45:09.046220,v1.10.1
T10DF533140B5646F1B73CAA22CB661FCE1B2B82C41126E881DCDC6B495F5A2D4DCB9FD3,8a26bb01e04de92bdf060fe8ed384f5f086d364a45a5cad2179e6d81e4886809,chisel,2024-12-05T04:45:09.464793,v1.10.1
T11BF5332B02357D05643AF30E85E87B457DA3436A53A1AC46B750BEF42F34893F69398B,f8a9973e15a8862121800bc3a21083fa6d6d09bee0f3cd7aa564d63d5b710284,chisel,2024-12-05T04:45:09.898864,v1.10.1
T13C0633F8772C76FA641C0E2D0A90EB2667692D72F1C53E6263595B2ED44F626FCC020D,9af93373a3cfb8a43dd857050d3b265b70270b23184ce7ae47674c69ca44fd3c,chisel,2024-12-05T04:45:10.327573,v1.10.1
T1AB1633977E5594712B31CA737B39E8CCFB0B221617A3E4E803F8B3DA78030A67562954,42fd40bb0e6e8e0072a83f3a824de5045636c1cc8e3819daa3c9b7a985a2cc58,chisel,2024-12-05T04:45:10.780656,v1.10.1
T1F6F533543DBE9655CFBD868B399E463E5D90F244FAC403C29D32813214F4737A90AABB,20f6f8967ac6e4c0b9113cd07fff7b1f7061887ab469e7246724be67410f5663,chisel,2024-12-05T04:45:11.196787,v1.10.1
T18006336DE684CF140716A1DEAB85875B53AD9EACC8D90F89F9CD0AF5104FF88B638074,8ca8a0ebb05bc9ea5e23e6a1a54802f2c228fb02b8e9232178e12cde277e57ec,chisel,2024-12-05T04:45:11.697793,v1.10.1
T112063353FFC5E69ADCD8DD6526D68344A070B8ABF8E304FBD751A70A98B58840FC5A0C,1aa12ee6f53f6e6f233e017cd39e697f2935861c2b071d5fee1abff154ac42b8,chisel,2024-12-05T04:45:12.181503,v1.10.1
T109063312BFB8AB9B83904A6631D03735D78C9815DDEBE6BD5EFF7B402982002E538754,41bc1e4b6a135da959b396a64c6e2fc8288222ccb10434e63451396e16732435,chisel,2024-12-05T04:45:12.627099,v1.10.1
T14306337808FA5BA753AC93B736737706DA311D1168CBE36B7AF7CA00A34E6464635039,b87d208a24725615518c517acabdc7cf614a7d90a51d1f38727527555a7eda1f,chisel,2024-12-05T04:45:13.285296,v1.10.0
T110F533551F78210A2977841129FE7DEA8B54C57CB5E9A0893C23CBBBC2F15EB7CA50C2,14ad7a088d84d5d0aa1ba8cf71dcb7ee4c0ffda13193d50d0cec4d10bab60656,chisel,2024-12-05T04:45:13.760872,v1.10.0
T1F9D022FB4E20C02EBFD1A6C4FEB0C20C5B6262301FC1DC7E0884C880D0058EFC51A811,95291a65d3befa9befce791c6702403ef58d18893f7188acf7827aa214bfa341,chisel,2024-12-05T04:45:14.289406,v1.10.0
T1CB861A50F9CB44F6EA431E3055ABA23F63315D058B24EBC3EA447F2AF97B682193614D,2592292f68d0a134532e75c490be9f3d34dcad72e880511e639690968a790065,chisel,2024-12-05T04:45:14.519580,v1.10.0
T192F533F1EC5AD1F14F5BE3A5B6EB9240222CE40C3062033C519CA75DD6E16ADB1F66E8,c404ec6548b18ba8e49d29cc609e6375a4e4c65c66b23694a81ba6bd59bfbb81,chisel,2024-12-05T04:45:14.955044,v1.10.0
T111D0A7B30B01C01E6EE55689B9610518552216559B8868B048589D64C2554F98619441,55a11b75354c8371ac2f830657e7980e8ced460ee5bd52ddf854fec26628e4cc,chisel,2024-12-05T04:45:15.463772,v1.10.0
T126963907ECA544A8C4EDD67086768653BE717C895B3027D32B60F7682F77BD06ABA340,26121f3c39d6ea0c1c67e8c0dfd24c296ddf5f49a670af8f939367c04f269495,chisel,2024-12-05T04:45:15.693818,v1.10.0
T10F0633EA02520CB8B7D48EC0267F20D7911512F7EB0865E1D95F1AC1C3956CA2BDAF9F,09c47937d391442c465dc89389a4568e8ed7d392f1f3b85c02516bb8a8b7d084,chisel,2024-12-05T04:45:16.035042,v1.10.0
T15CD023F62700C13DADC07D94BB3511185771232D7F447C5044B47400C00DDDE821746B,c25c10743e0898f257662b387c0ebee80184f68a82a2d0f6edb3db3e74b12241,chisel,2024-12-05T04:45:16.775119,v1.10.0
T141965DD8BC2D7852EAD8BDB87B3141947239FC499F41C7277614BB9DA8F23508F126A0,846116acd71ee6e38ad2efe4327ee553789b519242854540133df5b4992f1e6e,chisel,2024-12-05T04:45:17.028419,v1.10.0
T13FF5334B16C69FEE723C40B5B0D604EAF9F6D890EA788997465C88640A1F356C7CF72C,64306d226c0aa23544afe9b718017415e189af2da058bd2041ce6d1d61b10979,chisel,2024-12-05T04:45:17.556499,v1.10.0
T1DCD0A7B74601901AAC81A788BF3062099B703624A794797114C4B401C416CBF855550A,af33eaabd4da0ca0d9b5d48d261b3af14708395c148b171d38dfd4cf27127831,chisel,2024-12-05T04:45:18.108190,v1.10.0
T1A8961A97B8924943C5E43A7AB8BE80C433A30EB99B9756665D04EE3C3FBE1D90D35314,a9d25b346abe265c074b2fc8b2961ef95110c56bb8ff62364878c333a54bd350,chisel,2024-12-05T04:45:18.400544,v1.10.0
T1A6F53368C22A3D56CEB86E0CD1675E8575D71DDE74C76BB02B1CFB189AAF6DCE001802,2f37a8406be5e882aa8315ad4ba998884584d2c400671c6891a1ecb07553ccdd,chisel,2024-12-05T04:45:18.962913,v1.10.0
T18DD0A7F60D00E0B95C51E984F635120C5A3152605BC08CA054685500C46D8F9D69F405,9eabeeb3a4fe2e522573a20771999537337356ba8d2734e4fd84bb98eb3dc612,chisel,2024-12-05T04:45:19.473934,v1.10.0
T1BE861A97B8924A43C5E43677B87E81C832A71EB98B9752665D04EE3C3FBE1D90E34314,d3eb9033120f813c1e4148bce4f783f2f9c8a1b52dc999ea7cbd99b0d18578ed,chisel,2024-12-05T04:45:19.786513,v1.10.0
T1EAF533954EA3CC26BC7173A079B2F218E335E754E5C0AC0A6385DB3D3A21BDD6B46D24,a68994c80c1a451051ec74fd2ba760585065021b0da4f78485e00dc8e6c6ee4c,chisel,2024-12-05T04:45:20.271952,v1.10.0
T1C1D023764D01D51A5D80D6C4E524114D5A633311F78055B465805401C05B8FD919F445,275e0544089ab7531fea58c99d4520f1c127cdb5c2c3f257b6c06e5d1c760e14,chisel,2024-12-05T04:45:20.797108,v1.10.0
T12F860997B8924953C5E43677B8BE81C433A31EB98B97566A5D04EE3C3EBE1D90E34304,2cb15ff920b92453aa568b622f7a26b40c7f31a2f8b34ebe3f627470b280f921,chisel,2024-12-05T04:45:21.047429,v1.10.0
T168F53375EEAA8BA786B037670C02CA2C286FD81D578345D7FB4753D799E308B1DA10E4,3d864e17f4213961a83be2e176373090432298a6e0ba9e4f577b3fd7642321bc,chisel,2024-12-05T04:45:21.830151,v1.10.0
T126D023F70710D236ACC0BDC56F51570D9B7117947FC084E114989A04C0179FFC35A501,aa7769f9c80294bef6e82032f8b27467d67446c157e2dfb8cd7db9c47b16ba99,chisel,2024-12-05T04:45:22.390562,v1.10.0
T1DDA60811ADC27F66C5DC03B485FD626633543E059AA5072323B4FBA83A7773C9F9A848,6f9d5c8cfdcc709e0e02823687a7521f3ac26334932858ef0c63fad3154189bc,chisel,2024-12-05T04:45:22.724117,v1.10.0
T167E533BFB7E49F9AE61E0935C0BBC7A31D699429143256E060C9BB0B61FF4160CB5C78,9fb41d93d53abb28f2b220e9696de174c972400ed331feaa4cc5ba5e85650431,chisel,2024-12-05T04:45:23.215833,v1.10.0
T130D0A7A71A10A029ADC0BD88E960320C9A1563A05BC4845014E84C01C058AFDD239584,9700f18f9d8b5b6466cb9cd66adf3fa9f1e2d1ed8bc26e9b0abf9b22185ae514,chisel,2024-12-05T04:45:23.866206,v1.10.0
T13AA61911BD822F66D5DC03B485ED635B62643F459BA5072323B4EBA83A7373CDF46888,030bb92ee5f9183b7105afd413f2525e7b30b4fb934edad0bdd921d1498aea1f,chisel,2024-12-05T04:45:24.197202,v1.10.0
T193E53398E21D23B765C067BBAF87C586B65FE8B60B50E17D7A1C8046D78864C03F5BC2,f6e0c73ac18bcd0b4437aaa51528c0de846de92ffa9613c2f1ccbbab4623c9dd,chisel,2024-12-05T04:45:24.750077,v1.10.0
T1A1D023FB0700A45F9C51B9DCF711120C5F5557516740DDF00C945D40C0548FDC315549,39b63670dc4b37ce367b4c95195335adee8eaf7d5bdb54c40901686cd2d47472,chisel,2024-12-05T04:45:25.313351,v1.10.0
T172A60822BF59DE1FD6D82134DAA7C23477D53D0082E020378756F7191EBA2B4A91BED8,dacb4fa89da92032fe4a812f25ab26bb6e441aed43145b27c6536d466aae8cc0,chisel,2024-12-05T04:45:25.635963,v1.10.0
T12EE533DFC2F16F2AAA4726136D1B8D4316BC78C8DF6FE5785DD8410029D3289AC3B661,d2239bd9802d162bb23d1711d78ca3d03052be69443f67405b8a00f35355eb31,chisel,2024-12-05T04:45:26.100123,v1.10.0
T1B6D023761F08D03D9D4177DCB771514C6951615197C094B05C949744D0418EDD615400,36411dd72b77bf5fee8460486c1b033603fcc11c7b5e321d1c11c995b3ade99c,chisel,2024-12-05T04:45:26.614380,v1.10.0
T124A6F7127F59EE1FD69422348AA6C33473D67E00C2A061364766FB191EBB2B0DD1BDD8,811c6229ff7f06f7aaa1f678e77b647695942501d7008f422ff07ff9f3ca6d98,chisel,2024-12-05T04:45:26.907737,v1.10.0
T163E533EF4AFA516A812A43B82CA2312233DDFF64E56519075EEDE58396CDDC0DEC3850,d6f6ab0a8fe6b41b2b3a245589a5c0f564cba0a01266039502db9ac6edb87c43,chisel,2024-12-05T04:45:27.364113,v1.10.0
T1A4D023F61D109465FDD1B5C8B568174856703625AF4465D419447801D005FFFD219585,7b4e8bdfcfe1a0e13c462fa829b9cb623bcd6f368e5d85f6c5aba63198020642,chisel,2024-12-05T04:45:27.913048,v1.10.0
T163A6D814AD842BEAC46C8F7480EACD5522746E144AF14A3616A4FFECBC762787F07D9C,6bfab1a232212328f721590c973f447aa4c2ca3544ceedd3f1bee98ed00849df,chisel,2024-12-05T04:45:28.201397,v1.10.0
T1C4E5330B8770193CCB4BA4DE25F26D85A1018B8EDB993830772F92E696FBD705E09DC5,af66eb5887e0ece94bb505f2a0bbebb17eff0d0e71133c71ba728eee1f5ebdfd,chisel,2024-12-05T04:45:28.710303,v1.10.0
T127D023731710C01A9ED176C6F994739D8B501A1077488CF754745400C018CEEC755445,00514d2f161861010c44eabfbe20f80fd6abf0a406b1d953135af3fc618d1046,chisel,2024-12-05T04:45:29.270027,v1.10.0
T1C0A6F914AD842BF6C06C8FB480EACA5126705D144AF54A3626A4FFEDBC763787F4789C,5afe098776b601980a4509e200e173a5b29f0d8f7b8bb1a15f51a295f05cdb4f,chisel,2024-12-05T04:45:29.544279,v1.10.0
T11CE5338E8AFDFE904BD1561FBA6723A4C21DC40959355CA116EFCC90F87D6903322E9E,db9b7c2e955797648546a7180643f562008fb4e36f397f3189d8667d3e110ca8,chisel,2024-12-05T04:45:29.980824,v1.10.0
T186D023721F04F019AEC575CAFD51229C5691B35157D4E5F05FC49441C484CFD9719041,88dc5a31fdd5aacace62bd29547b0427fb621b9cfdba980000f6fe68f1934933,chisel,2024-12-05T04:45:30.500901,v1.10.0
T168A608136B28DB0EC66811385DB1CEA4677A1C4646C6A41BB392F349B9F20BC4D6FDF1,c50d9a7ca6ef525731f4a4e6b48111fd01c1cecbf92fac04b7bf17ad45b87e42,chisel,2024-12-05T04:45:30.761168,v1.10.0
T133E533E715E4401BD14E91160DF6ACC6BBB5FBB92926A1EBBB3C31DE1654C00C01AB9E,8813078c571a3b63db5c12c510281d5474f7144f33cc431c6af695f9773ac428,chisel,2024-12-05T04:45:31.125229,v1.10.0
T114D022B31A50C01ABCC1BE88AF7063CA5B113222E78091F898985902C009AFFEB2D035,932229c9ce00ba38e5dafbb1c7db13eb68ed82db93e0a3028c160622f82ef622,chisel,2024-12-05T04:45:31.701614,v1.10.0
T1A6A617177A28DB0FC668223458B1CE95673A1C8646DA9417B386F309B9F20BD4D6FCF1,ce1ff1f36252a7fe4ce3b5bda6fadc827638106d932e938f40feffaf7cfac0a5,chisel,2024-12-05T04:45:32.017847,v1.10.0
T1D0E533BF6F53AE884D5D8B8BC2ACBA31207584355CEF917B04D28074846F93DEB25C86,a9b44f845f588f0e104267c2062b9361ccdc3b37d551b0765f0ecd0565420ba7,chisel,2024-12-05T04:45:32.518963,v1.10.0
T11AD023B7AA00C02FDCC663C4FA56070D45151367DB8464944C94D844C4419FFA73F811,442fa97d934fbd170170133e5f19e40c15ae246b639d947316ce0f5f1b2cdad9,chisel,2024-12-05T04:45:33.061704,v1.10.0
T1F1965B90F708A22AEA8A0A7148730B70B3605D47D6F1896F5709F75F06B16EA5E0FFD4,5ccdc2e3662c528c1579801134b1ae18164ea1e2bc9f3fca8cfffd7768a32aa1,chisel,2024-12-05T04:45:33.358865,v1.10.0
T143E533C89FFC9212566DFDA83ACD383DF17A111B006448E433ED4EA66B122851795BBB,887251de72edd95372365a642affcde784c7b691d504cdb38aea1a978d3effd7,chisel,2024-12-05T04:45:34.016166,v1.10.0
T1E3D0A7661901E02E5EC155CCBAAA174CCF5012145F8468A050904104C49CAEEA25A806,cd12de6234453bfcc41d580fa3b37a9418a407a633d009273e0923a7d4e03f42,chisel,2024-12-05T04:45:34.490867,v1.10.0
T183964C82B7052FD9C5248C3386F74EA167726D842F319752A744F6BEACB23064F16F98,87832ae6bf278584a064336436354e57f27bb77713ac90315b3f897c56ab62d3,chisel,2024-12-05T04:45:34.784108,v1.10.0
T1B4F5333910D0D2DF61D7CAEFB503E3C4520075CAFA626173E8AE1F82D6592899E3DA74,222b3205f43ebcd23416ea99a2738de7708d715a8c406f86016c5184af540055,chisel,2024-12-05T04:45:35.266244,v1.10.0
T162D022B32740C19EDEC5EE88F928A309AE223220AFC4D6B155818181C055CEE9266801,6672fc7832699cf61d85428169acd08b75f44f5281b8bb97d54654b12465ef5f,chisel,2024-12-05T04:45:35.864747,v1.10.0
T19AA6E8C1E991C24AD63D6D31EFD9EFECE26A2E325DC95A4AC9C8F73E0C7214480B5560,c5b51876a9183112207453b617b83058cf66c0e8eb5d4bba7784258d26bb7cf6,chisel,2024-12-05T04:45:36.160475,v1.10.0
T1DCF53398B3C78AF94AD7475E98A6C086B2A3509F175344D27F05F332A740028E6ACFDD,f2f4c09b199a96c105d165e7a41e5da15b60769192133a80167e4bb2771f06e5,chisel,2024-12-05T04:45:36.696017,v1.10.0
T1CAF533DDD013CE099C1AB8D7419127C6E2DBB441FE23A4A0F22E7506617087BA66F67F,1a2f6cb4944942e3e2d95839d1fb86b4911c91e4b83e6ad1748e136dc13f31c8,chisel,2024-12-05T04:45:37.198752,v1.10.0
T1A90633F1A0ED61A4414CEE73674A11DCBB3E5232AC9D3B74006E7B823675AD09770AB7,44cca3c29dda67e6b9f5886ae4a36119c0078861de918870c1e43047fe8125d5,chisel,2024-12-05T04:45:37.735867,v1.10.0
T1DEF533B91FA341E29FB789A913F2B47D10339E4B503675E500A427392278DAE5B732D3,9bdc12ab9388070fdf36d521afcf41d28c6d184bf6f4a562b416b6c2c87a9502,chisel,2024-12-05T04:45:38.159276,v1.10.0
T10BF5332BE9C711D78B349B0CF08E75C1397D1D6E1D6ACE3B1DD7806308AA4A22F97646,46eb61827b6d29a530eb483850a40c8741580748e0ff832a2c6750cab09a1990,chisel,2024-12-05T04:45:38.621972,v1.10.0
T10FF5330DCDEDCACDDF548BB5E8546770B17DC4AF72D48F1408988AAB628861C31AA45F,dcf7171109545d1f8df63d853a2b8391bf07692d5d3b972f2e94a870725551ea,chisel,2024-12-05T04:45:39.105003,v1.10.0
T17DF533D457AD81E72DA7C50476F4124AF2EFB77A330383C890AA82CA4C9656677A3317,821f7790d95c07370b8fafb65dd454e3cbce05cab2773deb36a5163bbe57fc49,chisel,2024-12-05T04:45:39.576422,v1.10.0
T1B7F533EFCEAD3013AB4E63797482F231A2293DE56DB714E3EF927E041A06C149A5F145,903f920083e0f6314a16c8103af18eb9d78923a6ad4e9087b26a30fe94da475f,chisel,2024-12-05T04:45:40.028171,v1.10.0
T1DC0633342BDA67E378EC827494C237E7311B8E6F8956D6C9FB1464D2AB4A035DE0F460,09606f0d4d0b686f55fccf8eaf1e33733a1006fa5845c81f2773905793e479e5,chisel,2024-12-05T04:45:40.523331,v1.10.0
T116F53339683B2CD9DF1FC9F578232BE125916F985E5F18F34A7D163B02C92988E19470,0ef3ae80e30e312917c3d4603ec6994c9a26bd94c0e37aa94c5687019761bcce,chisel,2024-12-05T04:45:40.963072,v1.10.0
T1C9F533D09BD38D01E564D53D9643A7ECBE3C92A4BA513DCEBA56E239310EEB30797108,f52e24d31248c4a5d4eece5131578aee7b4d72c6af9edafa12aff67e89f4f48d,chisel,2024-12-05T04:45:41.445503,v1.10.0
T144F533D30D4A53C7CEA828E345790DD43239C73F1BA34A368E98BB9F4F9D4D251A12A1,069fb0ca31c9daee8c0374a1a1d69c8a6d31e92ca9337e92ca6cbcabe9b066b2,chisel,2024-12-05T04:45:41.886468,v1.10.0
T1B0F533054FEAE5D5E3482C29087B88C6C2869C07FC8681FD964681F69EF2DCB4757E93,d68bac03482805b66ed8186159081cf9fd4d74c49c4e9d8ec983343115fdce66,chisel,2024-12-05T04:45:42.400916,v1.10.0
T1A20633FEC993B0268577472510BB6069A21071B81EFD86D1ADCE7685C3237E86DFE423,4c9c4d9df645d45510841d2edd07bd156bbb7ecd268626895f9b4d5ac8483633,chisel,2024-12-05T04:45:43.132856,v1.9.1
T1D3F5331F7AC36CBD0764689755B5CC3CC0A6B2D2F9D35C62298AA887F1132ECA0DB417,cce469f76bb65315222426a32f579c4ba820587173b4dffb7f012f5b0bd5a877,chisel,2024-12-05T04:45:43.541253,v1.9.1
T1BDF533564CC370AD04D871DEBABB82433539A14274F0EDB6BA7E90D552AD1A93233E1F,be3ae8e7cd4138850830f1d0b40cb409160a4449dda205a325c95de7bd2b76b0,chisel,2024-12-05T04:45:43.946314,v1.9.1
T1FFF53366F7F5850CA8B302FEE2EE10436FF9F1724558C96355A01BDEAAA10A4D600FDD,704a31cd89911a0f7d1741ee9ca32ca0f5496b06370bf398dfc5b7d3a31ef563,chisel,2024-12-05T04:45:44.373748,v1.9.1
T1AEF53338791DFC31D0DA9E9ECAF759F259E751B2F0A0811390CDE197E418AE8E24B583,05f5eabab4a5f65f2bb08d967d6af41247465af213f1c874ad0e059c0a3ebedc,chisel,2024-12-05T04:45:44.781624,v1.9.1
T192F533D8C63E1AD03F8C9D06430F9E7611D3EB4ADD90257618840E664CF5FADA91B8BB,99d336f5850bb8ce58273fb3cc8f5e2724769c0ff982601c16569e74da42da52,chisel,2024-12-05T04:45:45.224966,v1.9.1
T155F533CC1EC878967005947EA52D3F5B696B183459F1F0A4D882932B3FDDE53F182B4A,247f15b5f3b38c9cf825f0df792e38e68fe4d69a72d21f596b9b73f570408278,chisel,2024-12-05T04:45:45.684581,v1.9.1
T10FF533D9DA44932596BC70DEBEF0483329C615E64BC7007FFB6E5A089A133B7316D909,716066f05bcc12159c8f0d16846f924b928c75cbae2eb36f9b96b2d8f770cb54,chisel,2024-12-05T04:45:46.092135,v1.9.1
T1F6E53350E51C83F43E57DFAA2D8004B3CC21E963E49985619B14AC3C6DFE9B78E269C7,c25ff60d4286c239522b0b0292c801a5711ec994fa90429adf7d57ed8735bb07,chisel,2024-12-05T04:45:46.568507,v1.9.1
T12EE533D3A18463D84940A0654615F21B6D8276CBA48191F33B27EC59E37BBB34CDACFB,9a0281a17a7ed9d95de46360406707d3b6ad20af4e3826726cc0f6a70e4496ab,chisel,2024-12-05T04:45:47.065426,v1.9.1
T1FAE533DB7D88FF62C82D93704B6F7CF06F07A90ADE03555B7818891DA6690396BC2487,01dc5af0ad49e564af57a8debc4b3c354fdcd3f85b36e9f5b5511bd674b98dce,chisel,2024-12-05T04:45:47.498192,v1.9.1
T1E0E53333E7928C224C774FAF4A4E615CADCA951020CEF60385EEED57A43D2ED68DB194,8744313fbf925e7dc5aada01fa6b89589bdac85546a51c766fe51b763c984487,chisel,2024-12-05T04:45:47.939146,v1.9.1
T1F9E533F57D9C5ABDE0F0AA6B5C377FE1B40D1936338BEE078C8574983895594086B08E,8574d9733f8ab02facc74b6b2e51a5a0f4eb5c370e005de4987586cb53b52314,chisel,2024-12-05T04:45:48.419965,v1.9.1
T166E53391C5AA64ED4AC92603A0F1AEC7D6D79E9A7ED4C6D397CE0B2C50C2F337086584,cff5798485f1f260bed03c9f82572288df0dfd169fe1e448708d229fa8112ac8,chisel,2024-12-05T04:45:48.871341,v1.9.1
T161E5337CBAFEDE946E7EC62870101EE165D001E58430672B977D06E6FD42CF82A429BD,3404870416355a3fb4bf2d43695606b77785e6fbf534f2f6a536861ffcc9de81,chisel,2024-12-05T04:45:49.310103,v1.9.1
T188E533AA784AD5C5D25F90934E36E0C9F317342F10ADD60BC96278F9223B533A74AD39,5fbee690299d3b057447b595c46845c34a1fe90a1e616fbb07bb5e0d019bc101,chisel,2024-12-05T04:45:49.799280,v1.9.1
T120E53320BD3E5BD015F5E9306CB4BD88EF77457648CA3B128A37A826F562C491DCB624,9941d3f3192d927be91b38a3d13e40aebe91768185bc237ef798ae20f78dd952,chisel,2024-12-05T04:45:50.265764,v1.9.1
T1EBE533BF56F222ED1362533F935255C1A1D2266E3F3070049EEEB19DEA13E92473C256,e9255f6726a695cab4ecf9d7ac34c1dd5dde9ac55a3289892a43ee7869e2a0f1,chisel,2024-12-05T04:45:50.767373,v1.9.1
T17CF5336BBD5B02BCA258CBF1D8069F617136470C78961012298FA0F78C1FFFAED59649,10e8116f55fa82a8b6517d2b8b2534744ef8477891d7999711dfdaf4a2297d4d,chisel,2024-12-05T04:45:51.244055,v1.9.1
T1B8F533C4F6536C4D7C9E696841B1D9B58A2318286C85305AE757DBF3EFF2E030A3984E,5738fd3f47fb386d8cf45ff598545140f51b3b6507fa549dafc43c51dd27488f,chisel,2024-12-05T04:45:51.673291,v1.9.1
T1420633A2E426358F45BA570D222C1C9495B9604B12F24DA17E2D9F4BFECCB2C9F61C78,19188a4c5110709fe0277421eab563bf4d738cdd3766a440e76ff00cd653dc88,chisel,2024-12-05T04:45:52.137616,v1.9.1
T1BDF5332D2939EF5D7725D5626CB0A6C1F0DD6C97306305BCA4B2C69E9830233C6DA89E,f205814e44353d23a5cef0e3cbfb37cc8ec4bfad9def53384d671dcc043c00ee,chisel,2024-12-05T04:45:52.668003,v1.9.1
T1A7F533BCC25090C9272EF5A175EED41F12BADE48911035A1F908E3FB75EA34E1427DBA,77de77149c63a656601bc3d0f4c2704ca8e22673abfb1d235e4f45d5e5befb56,chisel,2024-12-05T04:45:53.180521,v1.9.1
T149F53388A4A89F25CF8948D34667EB3F2738DCD17829F83807B60D37795A5F52F62481,2e0515d20feeb3a1d5f368c85eaad188eb96d4beec0b38502413f5f7086e5857,chisel,2024-12-05T04:45:53.717756,v1.9.1
T1E8F533CF8F3DDB5D582A4B164D4BA8B0B604DE951EE7188CA1FA302BA51E1EF34D44E4,6bc7ad8de266696fd872c96fdba2b627ebb824b32a24285bb1d0cb113126d8aa,chisel,2024-12-05T04:45:54.172350,v1.9.1
T16A0633F9DE96A426C763CB68007772986610B1A80AECC5E54DCB36C5D3236D97CEF423,e022c33f7f02b564f42f4ae68edded719b3e4cfdb3ea9ce9de2d07dc1c586321,chisel,2024-12-05T04:45:54.728774,v1.9.0
T121F5331F63CBB4DD531826CF6AF2C8289475F49376E368763959088364173B8A2FB06D,c7d0e470542ece3342535057e01e84b962b19959e5142aa61633f49ebaa52775,chisel,2024-12-05T04:45:55.178889,v1.9.0
T12EF533550C87B0BE80D4E1CA967F42433529B78234F8AD77B26F80DA05AE5E73566E0F,3204ad88f0f16fc276bde17e0cdb9c0144789b711e86da88599d193db09ce380,chisel,2024-12-05T04:45:55.586488,v1.9.0
T14CF53353D7E29D9D947201BEF0F968039EF1E1214168C9B2A7F007EDBAD24A1D540EEE,acb2c4419a7aa4cb0b812a179bdd51d579c0cc1f193b1b8911d64b2d3ff8f450,chisel,2024-12-05T04:45:56.081223,v1.9.0
T1CCF533186B1E2C31D5D98FD9C8A795F61DDB20F1E091421B848DECB3A12AE64F90F4E2,0cd6b6f2c8164d440a118eb546a05d54232cedd792b4e5998cd653a5f3921a40,chisel,2024-12-05T04:45:56.500350,v1.9.0
T170F5338CAECCAC5A3006613E95293D4B1AE7196869F1E034DCC6D35B2FF9ED2E346D41,a8ce36f599c838c95b169252fe56cd412923d8d25f1cf906213d39582299ade7,chisel,2024-12-05T04:45:57.066611,v1.9.0
T118F53398ED445779D97CB54FFDF04873298748E68387056ECA2E005C8F521B732BBA29,c654a7ea1dc15b2c30ddeeba64c1f1fb4e7f1f53cb858a7f78ce508e2b6f259a,chisel,2024-12-05T04:45:57.542672,v1.9.0
T1E3E53312D05D93F06B7AEEBA554144B36E01D6A3E489C4218B186C3C78FDAB38D7F94B,17942ccf0a175f0f4d58db7bc010d0c19c18250e1b634f2aba8d91ba6339d829,chisel,2024-12-05T04:45:57.993692,v1.9.0
T14DE533C26144D3D44415E1BC4A05F61F6943A68B64E140733B16AE29F6AFBE38CCB9F7,9cb46943dab29908a33b801ec3c2033f7878f19e0ee2f892cd6d0c0db6bdbaa5,chisel,2024-12-05T04:45:58.436401,v1.9.0
T157E533FB7C85FF62843D87700B3F2EF4AE13E905DD0399CA6A164615F6A60363A89057,06b7c041c6fb84a9b88ea99497787b0812e888e3591e71df3493180cfc1191fd,chisel,2024-12-05T04:45:58.849765,v1.9.0
T14CE53332E386CC534D675F9E4A0E6168ADDA552820CDF60385FFDA07D43E6EA58EF084,4672ac01c62257129756f1d9f0ae1fd2471de6f78e47fa906af47e22204d917b,chisel,2024-12-05T04:45:59.369289,v1.9.0
T14CE533F27DBDA7FD9490465BCC377BD5E60B17323367AB438492A09C1852BA50C9B08E,a172c88c5af8e591bd8aa539973f62f242b368157ea187d9dbfee8616b51d5c1,chisel,2024-12-05T04:45:59.862419,v1.9.0
T18CE53342D59A78DD6A890102B0E28FABD5CF5D836E85E5C2D1DF472CC8C3B3531AB6C9,3f70ddcfdf1308b16a0951689520f74df87bc472cccd2e7b2ca1316b4d2b0a3a,chisel,2024-12-05T04:46:00.230370,v1.9.0
T1F9E53319F5FF8F901E7E86B430446EE5B8E1169188309B1B5BBD84D7BE818EC6590CF8,be03dfd28d37a8c444de321828edef417638c767a2a167133c5bf3a0b51ad60c,chisel,2024-12-05T04:46:00.719437,v1.9.0
T119E5337AB80A95C5C55F91834D3790C9A717303B20EED20FC971ACB86227673A70BDAD,46db2ff1d405f57e52377c5e42b9918d7b00c47ea75a5a77352dacd1d8d0c97a,chisel,2024-12-05T04:46:01.187547,v1.9.0
T11AE53321ED3F5B802AFAEA343D906D117F3B4DB249933B23CA7BA412D561D484D8B794,503cf7c6f7afe5c03e8ed9bffa0b3b13443f1224e37b889e7add4c0dfe747322,chisel,2024-12-05T04:46:01.627458,v1.9.0
T190E5337D97F122EC72B4073B532A4662A9E111FF3B30A089EDF9A09CF753A514778621,53153e63147a9924b06f0291a080ae86c692565a305e84f442b6b0a83f6a74c9,chisel,2024-12-05T04:46:02.036837,v1.9.0
T1B0F5333F7C4B117DE54CDDF0A817579262A3420478B6216228D780ED899FAF9FE17AC4,42751e43f472016665ac6fcccaae068dbbacd836665b11b187c025e45da439d2,chisel,2024-12-05T04:46:02.465610,v1.9.0
T1DEF533C0E6836D9C7D8C655C85324FAEB433191859AE684AC717DBB5EDBAC030B36C0E,df660a53e3b5d5aeaab189dedd61587a2d1215ad808f444333f230719e715b8d,chisel,2024-12-05T04:46:02.920254,v1.9.0
T1BD063390E5A7364B84F7A35C132D04D0A9F5914667F297A13F2D9F4FBE88B1889248BC,a7fbaa609d657e8148a05586684aa41941b28bb5130b8db24b091cf0d9e2ae79,chisel,2024-12-05T04:46:03.360764,v1.9.0
T1EFF533785938AF5EBB2592536DB071C1F5ED8C9330A305BCA4F7C79BA420223DFA544A,8ccc989ac8dfc5453a486361a7850f1add7e2f7dfe4016840671e8c183ed887a,chisel,2024-12-05T04:46:03.791367,v1.9.0
T1B1F53394A8A8DB75DEC989D192BFDF2F2732ADC0693DF02503A2195739786707F17880,6a956fdb1b7c65755156898c2f4065a555eb80393a25dc8b1a118f87e67d8368,chisel,2024-12-05T04:46:04.242204,v1.9.0
T18FF5338F8B2DDAAE6C7513195B0AE8B0B7509AA25DE7648CE0F5303F921F06F74D44E1,b148c9e2b6657ae09654af30bd600517b8ef1afaf2b940824d40ab1ef75311e8,chisel,2024-12-05T04:46:04.704990,v1.9.0
T196F533B29D9D6D5FB0E48F2C2E65F0E0F2B7F52B3AB5209F0DDB48524605CB1A0D5886,a91b2af5590034ad95974a084b37d629d53800e8a4317a54080588cd8504c98a,chisel,2024-12-05T04:46:05.338963,v1.8.1
T162F5336DF38EEBD28190D7EE2B88AD61B5B8F1D0E0B845E83DEDD1E4451AB45270E460,0313676f45763c5b4e90928b7f9d357253db656f86f8326420f51bbb9fde9238,chisel,2024-12-05T04:46:05.813701,v1.8.1
T1EEF533D1E944AC8CD1A20B54F6ACF9F54B4497F51622BC821CC7B2E361AB613273B97C,bf7b774ef4abcd725e9d3a3ee569f83db21b2248056fcb3642099b005c089b6a,chisel,2024-12-05T04:46:06.302890,v1.8.1
T139F533E3EF8E1BEA005154AE0E68D1808FB71C7594A0A6364FDF8D37A625DDDB1C9813,0461e84f847489e8968b011128b6be6b001f487ae75b2a0c14ff6d4eafc9f2df,chisel,2024-12-05T04:46:06.767128,v1.8.1
T13EE533E956802BCFF869A3452DA278E775B5F8B269B5142E2B83C1F6095FCD0009C1B7,0e34604b09472922b088573ae7b8a2686982b05900251f861912e3d9d2760980,chisel,2024-12-05T04:46:07.196366,v1.8.1
T17CE5330150535FC30B2656DFE9761F36AA7CADB56A3C267506F3F242AEC61A27E2013C,50ba0bde643b62f3ddba44820ca5a45e5f7d45bf5305016150cfa4af7ab679e5,chisel,2024-12-05T04:46:07.675180,v1.8.1
T12EE5334C11C3743FE01DE206E4C56A95590E906064FEAC68CF6BB4FB493DA8B7B58A0F,3cf09d5b03a365d25d2283bfdc5aabda01ae9a6e24147312bcef9b741e25df26,chisel,2024-12-05T04:46:08.120558,v1.8.1
T132D53304E7EC33EA5FEA05AC4F66AD047DD946F0A4AB43E291DBF5124213D86CB96D30,b0d2dbeadcaced10cbffe3bffe6419e8f64ed772ae68698db3d03d03ee5f92eb,chisel,2024-12-05T04:46:08.822232,v1.8.1
T157D533CD9ED632F4045E5D6F4AB0D95F240AA0FD032306D20BD3B99A89F7953806EDB9,e2fc147f2ac14938a48eebc9292258af10edcc7ef057acd07ff2ae6729f1cb7a,chisel,2024-12-05T04:46:09.240521,v1.8.1
T18ED533912F497E85F2B95B6F5C7F0416283A01210E22871FCF7CF7861EE9526CE6784A,181de17b8aa7917df5d9e610cf2b183d92d84ec9fe4b809303842bd47022e49c,chisel,2024-12-05T04:46:09.713825,v1.8.1
T118E53360796776AFA131C21C9CA03371F7BBC3921643F42D7AA3353522DB0767D92A68,6634da3e8e2590317704a1ddcba7fcc177aa5f532d81717431d0a6668d9594c8,chisel,2024-12-05T04:46:10.165576,v1.8.1
T160E5339C0D81D8CAE27BFA49E211F567CB21813162F9490A1FD34BADD59EE6F408DCC6,2fd99d56b4565653d6d39f1bd747dd14d24aa4d5882dc237da165974791b513c,chisel,2024-12-05T04:46:10.659539,v1.8.1
T135E533845F4F32D14E8175FA158AF8E65AE585A87C10DDB3FA81BAED482613BFD80D0C,7fa9f247b1b89382e6eedc622dbd5951f088cfff0dc517f3c7f0bb4519c30e7c,chisel,2024-12-05T04:46:11.035014,v1.8.1
T1F4E53370B5D7DA6A00E2843C68C1F461372BFAA14FA63C5276B92DC8DDF9165E42DCC8,b782285888ed48a94f495d3eaa46fe9f29f7bf087197c719792b6e730afb937b,chisel,2024-12-05T04:46:11.462495,v1.8.1
T177E533B0F2B08B70C55D3AA6361260DE4E3AA6038C11BAC3ED125BF5D97B5D7A593D20,78fb6b3b97fe4c42400a477e013f1f848a5ccec7d4cf51d7087faf0583ad491e,chisel,2024-12-05T04:46:11.890433,v1.8.1
T16DE5332BB9AC6B3811FF8D14B07DA624FDED679B12FC2467660B6B943351F0A8317421,f5cf5d30d16f2e4cd6deba19cbe539655e2d3c14002e47a35ef30ff6b795e5da,chisel,2024-12-05T04:46:12.458002,v1.8.1
T1B4E533DCDAE21920F548F999CFF89BA131423E3783CCC1B747977B1AD2A6568B2508C5,e6f1d80937b4c202ff8f79e77bfa5cbadc0a42975234f981b0b85dd7c8aa75cf,chisel,2024-12-05T04:46:12.881320,v1.8.1
T119F53345E0DB8A8D4CB811830D159A1910F970A98EF0E7FD30CE9B59B09AF649FDBE53,28d2ed9659825ef2b0d27409423ead074c9fb88f28b2186a79bf0f849beee0f1,chisel,2024-12-05T04:46:13.322701,v1.8.1
T15EF5339DD4B0ADCB55928EB7ADE73FE714B1BD3903B9A1C32C48225933DF080591BA94,e237f1a9a8fc58940811f2ea1eb987242718290c588fb36c29741176700980bb,chisel,2024-12-05T04:46:13.761876,v1.8.1
T196F53364AC5C98774476B771FD35901FBAB983A79297B8280CDD0C7924BF8A3C13198B,68cfcef00c7be228c8c10ec35874bbbf3e3a6eec33ce3c2697af0aa8bcf844d3,chisel,2024-12-05T04:46:14.159073,v1.8.1
T1D7E53332700650C7908B4F3336D57FBC93A46767759267A76E02FAF035A6A808B12DF9,0253413ed641b86b351fc3b9355715f7d62c74bc1d954dd0c9cff13693535a82,chisel,2024-12-05T04:46:14.672834,v1.8.1
T144F533088487D88F659CF93D98B7DB46E9935C1F0978F785C1EFAF214F0282916E419E,63839def4c061f214718a67dc487187d5b73288d72845c4007b5162ad57dd47b,chisel,2024-12-05T04:46:15.092612,v1.8.1
T171F5330E7CDC0DE2E86D20687A9BBEAF9D73B187273351113AF154646EE7C6A684470C,29326ddafce52d1d610c40b261fcfec7e83eef379ea3efd4e8fa5e001fc9e0d4,chisel,2024-12-05T04:46:15.597291,v1.8.1
T131F533A6C5D9CED09F08A8E20C516205648D6F1A228CD7FA059B0B5EBE4FDF870F46D7,ed994cff2f59eddf328e72a6060180b724d931cb9b564327b4a5eab28cb5cc8c,chisel,2024-12-05T04:46:16.190780,v1.7.7
T19DE5339F949B330547DF5BA4F5888F83C037D16FF8C104D95CEA623E211A5AA6492A3F,564967ff2524b78c74c3a7d3b31fd7bdc0750c6c478fb15c571fe7fdc82e31a2,chisel,2024-12-05T04:46:16.620613,v1.7.7
T1F2D5336BBF49A21D299ED7DC4763C0F612D716C31EA421DE79128730CA2BFD019A227D,d28b91e8fef0277673acca0c19b034b4bcfdbd730760714fe673b535282b5a01,chisel,2024-12-05T04:46:16.987390,v1.7.7
T1F4E5332A9CEAB6414B0E29FD8C21BB4BBF10A41188F471A11FDCDD532F9BE851DD5839,395408bc1ac0cbe250b3131c09592f7ac490a77a2625ce2f213480a96fcc8bd4,chisel,2024-12-05T04:46:17.344489,v1.7.7
T12DD5335DC4D8FEEC131849D290A88CD021804716F2A9E85CABEEDF5A0F45D6A39F1DDB,a9f7d67e29c2b7f2059636c73945b9946185a235dfb12e346e07eb7b0650f714,chisel,2024-12-05T04:46:17.776519,v1.7.7
T1CCD5336F00043A70D16C73B72ECE25A0BE5368BE527ABEDA9C3566DF133578AD0598C4,13118127bd6a7dfaf76cb35833325627d1df6937064f6ec7d3a05f5829902d2b,chisel,2024-12-05T04:46:18.222590,v1.7.7
T1D7D533A014278D6F24D48529674AB005DA58FC2FE4A03EDBB03833AF2E65DA741FB5D7,97c42a422ddd966681ffad0b5bae3df1203f52b11c5be3a14bcdd76366c1f369,chisel,2024-12-05T04:46:18.702671,v1.7.7
T1CCC533119AF088475480AC9A88E33390199B5BF9D1D1DC4ACDC6B43C407DBDABEE6F9D,33ff6cd5604aa7d47c048e328546a890a4e5eb1cbbb578aeb78c41454d449212,chisel,2024-12-05T04:46:19.105988,v1.7.7
T122C533670833679265D1AF37ED4ACD3540C0AC82B823EA9C5365B1F80FE1ADF54D69B8,edf46019fc966e2dfebe6209744075f41b8e58dcfe1d8247284e88b240149e35,chisel,2024-12-05T04:46:19.525670,v1.7.7
T1B5D533C1C9DD40B2461D6843AC66D897F66F7004A8F622F70CC9ED2C527A32766B277B,3e6db66b8d4aecf07f084a1fe53d66d437b800fe773476154c78df0c78d1e6a2,chisel,2024-12-05T04:46:19.990402,v1.7.7
T128D53362D19F3E61D5757CFEEE9F0CC9C52C8CEDF87162A2C58DA0A185F1362A1A1834,18df81cab86972d172750f478678ab9bd41fe6c5a7df21d2d50d06bad60278ed,chisel,2024-12-05T04:46:20.474641,v1.7.7
T127D533CC73B0628DAF3DC51A51F344098A04DC9A152383495E8F62AE9FE83FB52D657B,6eabbccdf8fe27c93e5a87899fd2ef81bf1670ab65103b999559266d936acea3,chisel,2024-12-05T04:46:20.867945,v1.7.7
T134D53321DA52C036E854BE96BBB58ABFD471D825602ED6041D72D3E0C50B2F227D27FD,88babbe96838fcad9b486bd36f4bce32d242848ab4aa71c739fd6338dea37a68,chisel,2024-12-05T04:46:21.209118,v1.7.7
T13DD533AAF3E499DD3E679773644F8B9EBDC9CE8045467FB0788DE0401249C736A620C6,9b0a4d1b72901510834789ba7c2a8bc8806c84b5cb06b29db4aba208a0e26654,chisel,2024-12-05T04:46:21.638760,v1.7.7
T18FD533155CE620833D846FFA845D2C15A854BA9AC1BAF2C16B7C0CC37D3747E962BD36,f841359414535455c39fc29a869f0d3f7e0299282699ece7a9d40389d921bba6,chisel,2024-12-05T04:46:22.012661,v1.7.7
T13DD53312ECF9BE002A971FA46B0AE0DA6F713C31256CE2D0A965D0D4D8E037C56E5F9D,b3ba329c974ac0a0ba97b9b63c91f562e80324c8c95ca22d7f004391f51aa51d,chisel,2024-12-05T04:46:22.466136,v1.7.7
T1FAD533985CDD8D1CB59095A0EC1C6B5A4F0AACAA3E570D02AFC7A4BB13CD4E65F73243,208cbef97b76474b1f24ca20f078a5e2077c50a5239c97aa332a297bd3f056e7,chisel,2024-12-05T04:46:22.899088,v1.7.7
T10CE533D035B0940B3C8FC616DE48DF72BB6B8ECC96D95D4F80AA996D2593A1C072F41B,c92eaefade39fccf3a8926ae8b579333b37a58bc15e4c536eeb16b6bdb97f5c8,chisel,2024-12-05T04:46:23.363814,v1.7.7
T198E5334EF5708522DDDCA3BC7507210260BA7ED9999DC5CBF49E35B83C6CB69163280B,36cbfc729051ef456ce4f71973619ce33c05ef4c3072a6cdf4e1ff555ab5a231,chisel,2024-12-05T04:46:23.757527,v1.7.7
T1C9E5337D4CDD5BD2909A4A486F2383926080EFD767F4A09306E3DE94D09FEA2CEF4951,b47e50a181795a89f5972e7a4c06bf93a81cb8b15fc173ffcb526bac16f71f09,chisel,2024-12-05T04:46:24.163772,v1.7.7
T11AD533EBEB35B6E4664AC587D002749C4EEC865E7F9D043F39A6C274B0987B1841E2B1,6f305cfc78d9cc8ee0bdfe2b55d4469824a61d1ca519e1456bd0257f7decb48e,chisel,2024-12-05T04:46:24.566293,v1.7.7
T191E533492E634885EE3DE38CDC3C8CA91D07B49A9D4081F9AB193261534DA71A9FFF64,f7b0550a05c30a38b721f15f90e84f104a3f98e3e8db7af96e5a98e7b79ecc11,chisel,2024-12-05T04:46:25.033731,v1.7.7
T12DE5333AC6D6EF34B5A26F70291802BBDFCD0123913D7066176AE8D153A64CF1622BF5,d67b9589acb83285fd05359f8c81658ec4c7040f0d4e63d5338f6ab0729eba09,chisel,2024-12-05T04:46:25.516626,v1.7.7
T1BBF5333451C4857C4EC6A2B9B7F87716F5A249C2CBF2243E1C86D9221E4E52FF0E8A75,99ac2e0be445506852788ae9ed8f2deaecd39da027818c4530206ca9695e2002,chisel,2024-12-05T04:46:26.168227,v1.7.6
T1DBF53339F5CA5515A85F7623C68FDDF928E1404B8EAF4B710F9CBCE921A25A2730D2D0,f9595881272cb6e11dcba5300706a44b2c8f6274313ce948d5f184ca973d0730,chisel,2024-12-05T04:46:26.704567,v1.7.6
T11BE53384984F1A1C2B616B6D34D5294DB5A3CC4BE5EA543C5BCFF9204EB784BB21882E,6ef5c10715019e5032c7cbb7c51d6e6bec069098ce76a1f83e7c45f250663f06,chisel,2024-12-05T04:46:27.155836,v1.7.6
T101E533097D2BAC0BA4C44BE4C724727D309EFD74526F2DA84816B2F861E5E0E1D782ED,b08782b58eb043e7cd649302ceea993582f55762d7b384c418253d227930fe32,chisel,2024-12-05T04:46:27.545560,v1.7.6
T1B7D533EB9D9AD963C461CBE93E237FC01D42C56F64EC0018B6513AEFD0AD18198792B7,9b77b2d26cc5e1764b87af4178b3b5b35338aab8df80e5f311a10fbadec119f5,chisel,2024-12-05T04:46:27.909511,v1.7.6
T1A0E533E5224C1BF12C7B92E9A912EBB948DE45B894C40CCAC93BE16B551090FF9CD53F,2a1482c944f5e27e23b23040a60c2dcebe263d1b3d071fbbea363707306733a6,chisel,2024-12-05T04:46:28.344072,v1.7.6
T1FAE533CB7D6D6CB1E2B8921C832E3E5C46DD2B22FBF3613ACD9AA5755309168640FC14,99164a220ff13f15d76096ec91b472b2ed8fd5670491f5baf073158b92e11374,chisel,2024-12-05T04:46:28.769207,v1.7.6
T1EDD5339A64E34768618EF6E7684FBB7C6549486FC4C4EE2F2D634DC831520DC2EB2474,f89d5657f9c876889a0a1a0b5a7c599819d9cb731c529527af700c464b586bde,chisel,2024-12-05T04:46:29.220865,v1.7.6
T18AD533033097AEBE71B17A1D716EF249E8D35CD0335738669975DC88222166FBA80B3D,6f8aeb6d268e81855ae004d52d76c046bc092cb9291f6277d3c317c1df712fea,chisel,2024-12-05T04:46:29.642113,v1.7.6
T1A2D533CDBA3ABBAA50FF56466FCFBB222A3491158B1535D1C0D65D3418ED3E9829CF00,ac0a36687a87166b27a9d2f4c041e5131b3aca69ab811086591117bd7f3b7eb3,chisel,2024-12-05T04:46:30.037724,v1.7.6
T133D53397E0C875C6716115B75B870349777D9AA33875BCAA84CC81A6F80BEAD2F2CDC0,030cc05376c7c249583648d5324f8d2bad47ea9af1a4f1a751a09db700eb5817,chisel,2024-12-05T04:46:30.517697,v1.7.6
T18FD5338CAF181187C1F15717A933B3F9C49AE03BCBE93E76083D9D4A9962B55B04849F,7504dee72e18b91d0f759f04385a968879699c228dae9c9a2c338dc7b76f3178,chisel,2024-12-05T04:46:31.065195,v1.7.6
T1AED53335E247EEB9A42AB56F586BD404C96466C6F32017E1927E94FCCF4F1B60C00A6F,fd8dddeb318eb9ccdeea441dfed3a0b01c1187e1b165b75e7aaf515142abb171,chisel,2024-12-05T04:46:31.457271,v1.7.6
T11FD533F7126AE06E1E4F0DA4DEA4AAB07C14617A24850C78B56D0FD4EF938F94C2EC57,40f072d74c6fa0c3e9974ca3e7ab5fdafa63487c4ace88c0ec7f539d7b79bfec,chisel,2024-12-05T04:46:31.901756,v1.7.6
T1CDD533D11C6627EC9F83A46BBC953F8B2FAE84C360B55E380E59172055682F764F2C85,ad1e96ef3defc771763f6f6475dc020d543b9712d067aa63ab95ad56a934c5fd,chisel,2024-12-05T04:46:32.336453,v1.7.6
T11AD533008F98EF4BBD850E311E977419CBC5F3085E536F1DFA6A791A8F2481B29D11AB,7531c23a8951439bfea1349ac6ad30a9bc5c1269718aaa7e320986a32cd05d30,chisel,2024-12-05T04:46:32.780632,v1.7.6
T10ED533D8DFE0F0393B47207BE505EA33681AC9049345D98F29DAB6D9E32D3A81DC15B6,ecb8ca794b3659f7ecf353e6ae879a6e405bae62ebaeb69cc12d596915d0e0d9,chisel,2024-12-05T04:46:33.230006,v1.7.6
T148E533ACD4D208993CD9ACE2D79ED467799F123467F2F8EE9E8ED0201C49DB1D860943,f6e25a72071f1dcfc6f383a694cd1a8c1889560593abf02b45451c6c7a851aca,chisel,2024-12-05T04:46:33.660975,v1.7.6
T18FE533BB108C57B2AA20B6D77E6588B8016AFFCF890F058356D6F6548F1F4850E1E7C6,2df9eb9a967a029221346b322e7861e6db914770fadb7e99fe98d4a37764d441,chisel,2024-12-05T04:46:34.136966,v1.7.6
T160E53321A6DE2B44FEE35840CB7193148C6BC05C34B85E4BF399BA3AD1D72CD97492B5,e4dd3020180dceab3f53f314d48964ac1c93ba1e33511c7b1bbaee4811a91c77,chisel,2024-12-05T04:46:34.605404,v1.7.6
T1E9F5337E49F71DCC0924DEAE9B3AE68718F681832505B5A713E338CD63290ED81D7A53,b23b05a5d904b794e12894c657e7a413a607f9c45bf78d59760cb4c0c21a7241,chisel,2024-12-05T04:46:35.209392,v1.7.5
T12DF5337D7C9A7B1F80156701A78BB9CE59F503700EBF175B28387CA4A4DB2A363992C1,cfd8565cb10640aa0710735a30291d6edb24f6a99af3704eb6bf1a016e83564f,chisel,2024-12-05T04:46:35.629056,v1.7.5
T1B4E5330DF4E6D0CE35D68CECAB4C0AA5227E4F47F0D2DE5DDAD689DC402961F8A4215B,4070bbd80f416e04985826ef55eb76bef5aedfd6abf344ce25c5e7762e9d5ddc,chisel,2024-12-05T04:46:36.009414,v1.7.5
T16DE533973E37DE4D30C04B90C71CB16E259AEA31259E697DFC06B4F5A5A7009283DAAC,7b5930fe71b9746fe6fd52455d84ddbc740d1730be6028473ed501058f0f393d,chisel,2024-12-05T04:46:36.478430,v1.7.5
T1B2D533C014786C19769362A50F8A34BDE5E05FF34742BDE36EBA2F8DA5B41463B8047E,cd2101e2377fe9da558c198ff1d2311a9eeec08faa767a86ac51fffb50a5565d,chisel,2024-12-05T04:46:36.909435,v1.7.5
T156E533A1F948419F6BDA264B54B1798CC7F449C493F33A885A80637E3D5C6583AFA0CF,bc5d95f4894db18e69826a772226989ca19ea7e63dbb9fa13775836a0b25cdb5,chisel,2024-12-05T04:46:37.369204,v1.7.5
T143E5338076B33B7A5243332CE1F4163D477F74626283BC53992A8ED50A5D928C6EEB35,227f0eeb2991708692c78418ff7e45562670a00f6a72a4157adcc28d5f2f5b4f,chisel,2024-12-05T04:46:37.789041,v1.7.5
T1D7D533EB94E2572DE0CCF3873ACAFD3C4B09295FC2D47F1729164AA927A28C45E25570,3461b057cfdf4259e44f40a0ad4490da3dd8ec511048f9eeac3dd224284a72d0,chisel,2024-12-05T04:46:38.264682,v1.7.5
T10AD5332072C473FDD244F1A674F1E5C10F4D48E4835E979E8A2A57BA9BBE03F628E505,4328364d7fbb9555b5602f2c980475917bc34f73e6839da366d52a277715c37e,chisel,2024-12-05T04:46:38.711158,v1.7.5
T167D533FC48CB5BAAA42EBC16909F1F3DC2296F5D64247BEA205D7940153ADB273081F7,9b0c3ab3b24b993410578c961a370a1ca59fc5685a9888596fae81f65eed7d8a,chisel,2024-12-05T04:46:39.102838,v1.7.5
T1EFD533929F6C75C83AFBABD5444604B6B69E17C8F53FC9CDCAF60D8248A2F7242485C1,90023e0492635199b386d05e8bffdb806f0cc6a6d0e6a2dbc9a58867d002b566,chisel,2024-12-05T04:46:39.498131,v1.7.5
T17ED5332E2EF32DB199643F412B5785E24472C62348DDA8F949AE4F0BF173F09F14954A,214f24f7b1a2627400c2bbc78c054d1dfc7e4e25640b37a02ad76f0603184e25,chisel,2024-12-05T04:46:39.910789,v1.7.5
T190D53336904BE5B5745F719EA0B1E9509E4AF2EAF2705EE2A13D15ECEF4E1D81C8030B,bb33277d1d07b2dc6438e1a95eb4446d1c7a975ec0e70bb8f4b09fe1160205cd,chisel,2024-12-05T04:46:40.264369,v1.7.5
T150D533B7741AA436575F25D5AFB6EDFCAE5C923430514C38D0390E0EAC928F84A3ED92,d6b26f886ba34b221dca49d48e9c3795ff9dc43a5318113c2d269a116ef50b9c,chisel,2024-12-05T04:46:40.589092,v1.7.5
T1CBD53326B4373C4CC81355E3B6D76B0EDE714983C3D19FAC9BAA3C20697E9BB6026145,805d62d6cb854199c313f9724cf44a1ec63e8d35b9de235f529cd562fba6011d,chisel,2024-12-05T04:46:41.032263,v1.7.5
T142D533B70437FE359B3221A7043877825D5746C2ACA7ABC4822F56CA055B82FCED9CD9,3180a45a681653c3413afb788680f02754995a734bef851661056683691920e8,chisel,2024-12-05T04:46:41.448131,v1.7.5
T119D53344E9EDF06421F8B466BF9866A0E43834BDECE17D500F29D2E1110EB719ADCE1E,0a3659cf00c99f85805b64bdbde13f3f3993163c0eaa5a6345e301c4331fb581,chisel,2024-12-05T04:46:41.986829,v1.7.5
T12DE533670DDBF18368B35D72372950750619E7A68FA92B32B370B2310782ED51EFE5A0,b1d9a3c0bd0e7b091ac0dd51fc64ea57f119146fb767a83547b8e95ef2ae5f67,chisel,2024-12-05T04:46:42.373792,v1.7.5
T167E533C3917D27352E008972D0E181AB7C746B6F9B5FAEBBFE50B087A646DF314A0191,48736ecb605040b194fb7064d4bb621c38713fd3555a4f09f759ee45e81a2103,chisel,2024-12-05T04:46:42.914009,v1.7.5
T1CAE5333707F3B5E1CC95140257E8933EEEF1D86E50AA8527ACACEE646893331AC581F5,2359266bae674a90a97074774f3b757beb04c75cff9f473de12c91b5d0bf810b,chisel,2024-12-05T04:46:43.346796,v1.7.5
T1B5F5330561E2C23399ABB353E3ACC6EAD6418B349C051638966030EB7C766DFD791C9F,55096accdcb71eb43edd3001d4f6ec9c40ea88d448ba9d845782ff8e70df2fb3,chisel,2024-12-05T04:46:44.027395,v1.7.4
T133E5335861EF923941F039FC1FC2A36A994579F6B8F1C31131E71C95182ED243AFE29A,00393218120b164c3069439284c49edd5a99be83482ed9149ce9af0e8026e61a,chisel,2024-12-05T04:46:44.427791,v1.7.4
T16DF53381533273183841B65BEEBCB47A1CA8BD657353EA3F9D073A0961C65BD883B1B4,14ed05af8630a01f953eee94967bf1e6a322819bf404b451038f8aacbde5569b,chisel,2024-12-05T04:46:44.794361,v1.7.4
T105E5330DE0A6D5847B8B6A9C7C7CD051F2DDA674B982B7B20F0696248F049F9C73D227,418c8a25e997241471590accb65f6e6727cd6f62d05f11c2a3b3b9667e39383b,chisel,2024-12-05T04:46:45.166133,v1.7.4
T122E5332BA31C129CFA64F641AC5C62CEDCD9D345BFAC61212DB8F9762C23C81939DD52,c4c624294090555e88aff480bc19f55ffcd1b51dda2dbf55fe35dde60b374fd1,chisel,2024-12-05T04:46:45.611975,v1.7.4
T1BDE533F0FFE95D0097C1A2D0E4B5A48D14A3BF86D290F39357E5A79019D89D960CFCA2,5859e420b588764f0d8d5e301439af524ef486d1d39b0a189d93546cacf51d7d,chisel,2024-12-05T04:46:46.060282,v1.7.4
T18AD5333C6FA412B47F7464359E68DCC1E32D69BE411FE21B20B12D89A99A6FC6CF4D40,444bb9e867be655f6c5c89b8f6f1d991417f13eeb2e1838bb42c0ac9ee5f00f7,chisel,2024-12-05T04:46:46.516906,v1.7.4
T112D5339506A2B968ECBEF8879CB67361B7F143607ED24FA401B8C8BBE44D8C4350F955,0ea533dd75837182416f5ffa7f51a36d82c407587068d0404c177f18709ffa63,chisel,2024-12-05T04:46:46.934682,v1.7.4
T16CD53305066E037EF2A00BE319FAC809079B6D3717E363F7796D26065CEB91E066C4B6,1b4874bdc2c7947b4ff389e6f408f10b44376bff4d5404040a4b01fdacfe2dec,chisel,2024-12-05T04:46:47.312528,v1.7.4
T1F2D533602E5C3E15C06EABDBB0657F48886D98202CD6153B3BFCDEA245DF63B7139489,375b4f81c0ce1ab360c6f369c4bb2765ba3d683aae1f33250bdd1d1a79f9d31d,chisel,2024-12-05T04:46:47.722376,v1.7.4
T194D533AC1F160A70DB9DF593AAA7B5E837B0450EFD96CD58D0CEBA90142FE6C4520BC4,15fc3df52f81c0f09a430e52a2612d1a999284eeb802c8cec48d135fc3b46414,chisel,2024-12-05T04:46:48.106187,v1.7.4
T18ED53306AADE98F55C0E646FBF6B816A71670EE43B81BC12024D2216D7B154EC73C6CF,06c177a58759cb2d8947e425086a1d945d252c411c649121c5ec1bb795452b34,chisel,2024-12-05T04:46:48.491266,v1.7.4
T17FD53370234B4EB07DFD386334F91A9376193A9F5887B6A6711683721C4A61B8FB8137,a6f37544d43d1d50d3a860e72e723079bb1fc7f7e956089cade9b41d1a585c2f,chisel,2024-12-05T04:46:48.903103,v1.7.4
T1FFD533BBB407E1F151064FAE54CF4B3BC36B48E4AC52D67688927305D0C1DD3E66AE2A,ae04b0978a3e8179a0d2c1cd4a78fcb58fd1c3e8d5984ec1d8e9aa0881702676,chisel,2024-12-05T04:46:49.359822,v1.7.4
T195E5334FA060F3F1E545AE9499B1A47D906D5B9068A4F4B8F48F33EF46331B618A21FC,bced4fc981001259eacc23145a5968deda2cfaf64db8e3ffebf2b6ae5bcda874,chisel,2024-12-05T04:46:49.774201,v1.7.4
T198E5332C3A274E2853C988355FFCD2F396B92292F0D677124D4C2F6693A1581A827DDF,004b28244f398a619fe7d668f5ab925210e8a720c82344ae2f5acefaff30672f,chisel,2024-12-05T04:46:50.391761,v1.7.4
T1CCE533B7014F426F2E6845D7DA5692B0D47A25BA8F2108F4FD84A07ECAB123765DBC0F,6ce5031943a475616dac98d91e84196abd59c8067542c442e995a0d5e46f89c2,chisel,2024-12-05T04:46:50.974755,v1.7.4
T108E533EA8D7F72116C8906C3EDBD9D5934C3580AD8B6398EA83EB5ECC7938D1985C470,b53fab9c9dfd6eabe8c543a8484f216dba733b3831b4c440cef8064407c343fb,chisel,2024-12-05T04:46:51.392862,v1.7.4
T141F53386585D3E3BE65CD8773648EE3554E463B20AB77E8D082165493803D8B3BEF289,c2b2f717f87a6295a50acbaeebac7e8f980153d973fac3eab24ffa27a739a0d2,chisel,2024-12-05T04:46:51.862501,v1.7.4
T1FFF5333894B5B93C00F3D63FE15B654D14D8D6129DAE0A029F763EBA2EFD6E7C218085,7015bb3d9a25c8809d80adc80aa0bd7e89c04502ca2b4836fcc62312d167a977,chisel,2024-12-05T04:46:52.581904,v1.7.3
T155E533BB5E4F45287597BFC1D49B0E8C73ED81A8E1E30A82213818DF571E06DDE5A1B8,7a6b32cadac1e4193540c181b169ce4e73dc69a5bb185b9e98842a4e4205cc81,chisel,2024-12-05T04:46:53.074870,v1.7.3
T129F53395738AE1E168EFF1EEA3E45562269C6307E52B3E090F7D871E3F84297B0811C1,6da346eecac1a1bb11f834be0ef0b08539fb0f9ec7d8cc415ae9e301f53a536e,chisel,2024-12-05T04:46:53.491023,v1.7.3
T197E533B2F31C3C5E251A6F6CCCC66CAF6A464271E9E9043FE8C61619190F4E2355EE4A,1c841d5d1d34538febdda50a60f9e4f7a9df773a40dccacbd6aaa75595babfdb,chisel,2024-12-05T04:46:53.959966,v1.7.3
T15CE53334FC9A69CE94C6C3B1DE6F22628DE082928E7D13C57979124B41E1D0FD9E98F4,3688991da39646b2fb375ce860fc34e29341598abb35e10ddc9f4650460a1f2c,chisel,2024-12-05T04:46:54.403589,v1.7.3
T1C9E533BA646336510E5F3B2D1726181D13F50660B3FB085A22B77972B2090BDADBFD78,7ac42abfb232c1b9f235969fcebf54bad0078e724552cdd89b5f32805b77a4ef,chisel,2024-12-05T04:46:54.865508,v1.7.3
T1C5D533199CE5A97759FD006313E73F834648F89809E369B1542FA06318EF1466CA3BEF,f91f2c86797c2b92c342f5a9617a14d5de59c05aa1bfeb50c32061789185d6bb,chisel,2024-12-05T04:46:55.237910,v1.7.3
T120D53300DA39950478F24A92679163B6A3BFB596C3A1CDBC4A733DC729B13B1F946730,0257fba1e0ecd10af76bf252a76f03656f194bb2173f8555dabd86a03c7df621,chisel,2024-12-05T04:46:55.640445,v1.7.3
T1C7D5331BB55AD28AFF8CDA5D5BF9940F4A337619124108C7C719BB3A2DF379A3822407,e3f64597d5022d8716f45ffe57fb9f5f25ff64f42b9b61a0a64cb4521a453ebc,chisel,2024-12-05T04:46:55.989404,v1.7.3
T113D533AC31ABEAB36A1FFF39205970221E3553F52995C8610D66ED096F4540CB4EF38E,42d93b315b6016a420d76e3b99e46a1baa57636d30b26bc4c556a0c3b3d70a6b,chisel,2024-12-05T04:46:56.418867,v1.7.3
T173D5332A969831F5D009435B2CDADF0176414DB883A1D4CCAD2B897CAEFDB80D4DBEB5,89873326f393acc1d9c4ff7d897f60db68075d418a034c377a2d72cd1a09c95b,chisel,2024-12-05T04:46:56.822875,v1.7.3
T196D5339F3CE415F2CB8B079334A4EA14785F05A8967F1195E2E0D73B8F69B1A1634E23,a96b774c3d3e7a7727bd9929fb18fbee592377fa1bcd9a732bb8825bb0456357,chisel,2024-12-05T04:46:57.260159,v1.7.3
T179D53379DDF2A732A4680A24D2F85757760C4CA816D7A09DECB7AC631CBDC39C149B38,22bb4f8fe6d57072e57342b605ec5ad9e08c4489c3b6849f2928bdf7ea23ca45,chisel,2024-12-05T04:46:57.706335,v1.7.3
T191D53341DF1610CA9E7B6F861EB3118592E8ED7015FCB0A8B4C942C78578BD37BB90B9,bc2ce508993e19027fb23f837dd48da400898cbc83d9adde6febb803e76817ed,chisel,2024-12-05T04:46:58.138151,v1.7.3
T1D4E533C15E34BB32C8225DBD2BE756941633907272D75825D1A2B5BC0BE0062D7F8E5F,b28abc2701ee133be62eaec40bfb4afc7c3bd862e94aac529b6ea687c0442bbd,chisel,2024-12-05T04:46:58.556189,v1.7.3
T133E533B21B166DC656D20DCF27C1B119B90192D508D4BEF46C8C2578FFA0CFC9AE46BA,40f237f59a3908d8ba89cdef811ea08cda8cfde555335efc5aa595bbbbaa2463,chisel,2024-12-05T04:46:58.946927,v1.7.3
T161E5331C0D2B14215AB668583442FB8DB4A537AFB350BA7398EBF115672584BF40FEE3,135af50a105b966d85fc745bdac0b918c1afa0c1a7d4bbaf66acbc89eb59172a,chisel,2024-12-05T04:46:59.446295,v1.7.3
T1FCE53355F1641CD0853F1E552EA57DBA696A1CF3E3C23949FCAABA34B6FF1A0160380C,f6e3f58333eee37bb52f603b1c8f9aa73d16ec2051f6349284d0f09c8847bb60,chisel,2024-12-05T04:46:59.887019,v1.7.3
T133F5333B6E4B702F6237E4DA6AD5F03F1C6C56873207F61D78D796A39521B08227C1A8,09ad29d95a191202611c82e4922d9a0a522d6efca424eef62c8d2d8076d1f336,chisel,2024-12-05T04:47:00.418956,v1.7.3
T17BF533BA55C1B1834B98A8103790DEA8CFA53CC48BDD2547FF6D2F8B93588E17CD2A15,2e10ef23421a10e19aa4d8093f3a283e7e3e638e16689b329850e262390192c3,chisel,2024-12-05T04:47:01.025827,v1.7.2
T178E533A8AC0E9853B58C89279DBFEF8E28E0B353F4D08D450E2D5864DCC6738565BDE4,550168d7c4f722b95288f8402f9ac3422dbbae250a3f36e3a10a985ac7f1c84a,chisel,2024-12-05T04:47:01.406285,v1.7.2
T1E1F533B8D0103435786B59DE42CC35F371ECFD836E85A68998096193291E1CEFDBA9B3,542bee76ffdd8095a8d134b6eea2fa001c4af43c1e6cd4e296c2b8d52571c16c,chisel,2024-12-05T04:47:01.864866,v1.7.2
T100E5330E46C75003370C7AE92FD89FE7B76C87BD0414BBB1D2B4AA45DB48E88491A5F9,d815672bd8c68dd861dac2266be662d32c22c7d07f13214ea84fd0cbd775ab92,chisel,2024-12-05T04:47:02.349047,v1.7.2
T1B2E53311B558790EB887294A604435A70C0D63D08D124BDFFD60EF7F468A9EE9CFE9AC,1464a0e12ee6eacddcc2bc879ad601918412b0d64f3cdceb04c216d6a5485052,chisel,2024-12-05T04:47:02.921159,v1.7.2
T157E53352F0B404E9375A709F3F6B782D10A04D79E366275CBF901E4EC8B9B99BDAC418,1a661c04442e03afed5683e5d92798b9be628e197ba047ac45b7d831444fc3fe,chisel,2024-12-05T04:47:03.329664,v1.7.2
T163D5335F179BB7B761027BC3AC488A51615423AFB1F50ECAFDEB52E19379C8C8C20582,8524836909172fcdcfc6c1e805d775bdf84a499113a645d2fce7797d89af6dc7,chisel,2024-12-05T04:47:03.728400,v1.7.2
T1A9D5335C99AF1790C8854C6CBE822737B166CC683EF62AFFDDCD04957461A5C8F1D881,e1a5b167ec626fd934b6abac47d82987ba3313d505c1b3487072cca8ca9c4e65,chisel,2024-12-05T04:47:04.168519,v1.7.2
T1E8D53331B822346278D72EB2EE9CE4C273942D74235841A7777CDC7E753156ACB2A6B0,d7cfd598a2b8075da50af756bc164c272f247b69b1716b318b919f10cf0cfc8d,chisel,2024-12-05T04:47:04.806503,v1.7.2
T191D533B7FCD29E14ED6C1F3198B8213506366F065FFABD8992B2D715B9810AE31B0C52,7116f92ef4bdbb61fe15e5158197c984bd61ea944d95a854f30e58b19db43dc1,chisel,2024-12-05T04:47:05.237876,v1.7.2
T1D3D533C58BB4DFA1B6198AA11F682E442FDB42D7B3E05D93AF15EA1B0905FEB000DC5D,c59750dfe30a62ae41e8ba1fe138ce5bc575041afa2d7b87645e2f5d54526a9d,chisel,2024-12-05T04:47:05.687270,v1.7.2
T114D5333DD08D34E756CFA6364D73ADC09824342A53163260635D863AFD2BB3173A6EE6,919282a2110d48cdca526f1638e723c84c3f3a3d85525488887b065b476b3887,chisel,2024-12-05T04:47:06.112899,v1.7.2
T180D533322877AD4A1CF8F09ADEF47622BC51B50C8A71DDF2821A5D2452CCF6F8346672,42e93d295e08ea6af4885814b8cf66d43a875be0ee5b8966b5685e3e5269efb6,chisel,2024-12-05T04:47:06.624851,v1.7.2
T177D533A4CE215716128C6D7CDE6220D1D7C0CAF978E2EC067B49D74A1F78FEAB978094,db0db42180fbc1a5bc259234ec07d437986660e88545a49563f4f5ccb761c363,chisel,2024-12-05T04:47:07.083447,v1.7.2
T1BDE533D07C11B3FE3562ADA6A0B29E00C59ADB3F0A482F672CD19036BD66195235DDCF,128038cf630fced3b39cb074030f57e07cf1e975bc374ff7e281cce382284264,chisel,2024-12-05T04:47:07.567068,v1.7.2
T190E533A8D1ED278A5A13D8FA292F675330879D6CC59804DB89077C9777F2B5C06CEA03,11cc4ad77bf6c0db1f6b3f8b85ae6ee230c3ca7e1425b63b7c1fe1b51c53b048,chisel,2024-12-05T04:47:08.055942,v1.7.2
T1A1E5337DB809EF8C151A6579FAFC78ECE0629C733439445D989B8C5BB9600BDA4C0B9C,25564409a011c563e9623b376593512115515704a5ed932dd18c20a040c8640c,chisel,2024-12-05T04:47:08.515284,v1.7.2
T195E533F56C35A5A3DBD2D2CC56D46197B8C3002284E1E2996A403F36ACF3EB8A30D577,c6306acc18cfb5cd38d33896213d4b8ba1b5f3b42e55d9dd9678bab4cbd31d54,chisel,2024-12-05T04:47:08.966662,v1.7.2
T1ABF53382FE4646695C0A605B838B40F4136B73649C3ACBBDE6B26073DEC8CD6781D6D7,8977eb973e38287847e999cdcce33a38dd79f33e8494da7577459c61c02470f6,chisel,2024-12-05T04:47:09.482361,v1.7.2
T125F533509D80C1125EA8EA55CA651FA944D333B22F211D05FEBEE785AE3C0BC77BA41F,76c30e2ea86c1c11238c23cc8e6e88ed76cfd666832df7af587036d20a1e98b5,chisel,2024-12-05T04:47:10.195568,v1.7.1
T16AE533EACF96B64331A95F10DEB11B7959352EFA8729B101AADD0CC27DC6E6C5DC8030,1d267caeb15c945b29b8a7c377582036ac1f72e2a977042947f149f099b5ffcb,chisel,2024-12-05T04:47:10.613165,v1.7.1
T1C1F533F8CAD44635BEF758D48B2E217035881834BABEFBF76898632B44AD374189D5C4,6e1611b4524f7426cbd8d7351b269a1239ee710e575e9e460fce110c35962de6,chisel,2024-12-05T04:47:11.074233,v1.7.1
T14DE533555D066999AAD2DE170A88BEC03F164E7F3DDAB178C3A9C3D853CE060F46438B,99b151997a57f29a3e3436bb4ebbe4357219ae0694a9ae6561afa2da568a0768,chisel,2024-12-05T04:47:11.476617,v1.7.1
T1E6E533EC84D79F0CCD1D53A83104DACFEDC215E441A9ECE65D52EE7AA0FC87991ADA08,a4e7e725eb3998e5dadef0f903eb5e5f3e2b879876b239a891de5f95ecb2c1c4,chisel,2024-12-05T04:47:11.932687,v1.7.1
T112E533A1A9F23186F76DC3E46DBF04783FB6AE722F4500F54E5525BD6252A3C0640B1B,5feea3420bc6019eda4db16b0c89d205ad258d54313782f236aacbf073bd33fa,chisel,2024-12-05T04:47:12.373619,v1.7.1
T1C1D533602A721194DE025567297E6832CEE850E4FF6B9F4DE8C141E1F1BA44E243F7F9,47eb5cfc14028872dab22f2202be7f5df00288463ca798191286ddb99bf7b34f,chisel,2024-12-05T04:47:12.837501,v1.7.1
T1B0D533E06CB2175C15C0B569133320794CBEAD231F2CDF8E9665B39C294EB7A83B6953,abfd0a70ecabaaa68a9f51b548542577c3859268b352c92cb7d9fa1caf6c3168,chisel,2024-12-05T04:47:13.264497,v1.7.1
T1BAD5332470006E469202F648AE99F2B2E49169774E4DEF72FFAD7EF8263345C1F90785,17ed9f14af38a0b8442ea9306ba6746746a3d18c2a45ff1647603a95bd4425c8,chisel,2024-12-05T04:47:13.730073,v1.7.1
T19ED5337D6C6F320BD47502DD0A5F9C861656649883323D2B3C8C6AFCEA17FA8746DD42,c929214fbc050208831b18c088d33e0db1ffcd2f26103bc3a69b0081683db1c8,chisel,2024-12-05T04:47:14.184462,v1.7.1
T1E3D533B4DA836958D0B2BC6E53D3C0B11AAE4646F55388D93F3C8F13A1DE4D928749E3,67681fc7c1c0d06af7eedea1eb1f1d04e2f7f34f47e1ce3ceca7e4b93e318ceb,chisel,2024-12-05T04:47:14.623044,v1.7.1
T1D2D53385F19649A4C16C7033AAC898F8EE58740BA73F836D0D1D5D7F225DBA4685FCC2,18c0331dcef2f8c9772d3581efcb54f2178ad7f48ee0a1839c987033cba5148b,chisel,2024-12-05T04:47:15.464290,v1.7.1
T114D533B1D760F564F498E46EBB2D85B063E4CBBA53C873A81803EDCD5FAD122872C525,8f31909ad50984539183ebd099eceed04617e520d44c8ef0081a114aa8d5ed01,chisel,2024-12-05T04:47:15.945324,v1.7.1
T1ECD533A396B7322BA75AD9FC440E0F620F70E5B8A761088F08D26D771509D722B755FC,32d7996430dea9678208a61548f252f111eea644b325f9a7c2d1bce89e1cbf90,chisel,2024-12-05T04:47:16.338641,v1.7.1
T1BEE5338F6C2A7CBC0917058F82EADC5014EBE3FD5B329392D2EB0891BD59461173A7E5,e23efc384f4295bb8fbf5b0e6f2f3539f6ff45fbc2ef8ce2bb54aefebaa069e3,chisel,2024-12-05T04:47:16.745161,v1.7.1
T1FBE533E1AD8F82736DBABEF511BAD5735680C1454C71BE8A0864D258E4DCC8F27A43CE,0d1a410e8085517a23da9fee226564169f767570993dcbb8f0b81b579a50e541,chisel,2024-12-05T04:47:17.090316,v1.7.1
T13AE533F52C92DF859D889466BBAC7C4B79F3968F5242E184F1F1F25038D021AADC684F,5e6cfa7f3d2e7bf2eadb2d4f197189d43798b3270c39bbe3a2fb99c5684ec686,chisel,2024-12-05T04:47:17.501152,v1.7.1
T1FCE533163EED8693375F9A0C40CCA169624F3A43FBFDED7A0B9854616D6E0724383D1A,8215225624132cd5a3c16699071178bea0fc91cd6195f67d1a5e8094142dcfe1,chisel,2024-12-05T04:47:17.915705,v1.7.1
T157F533CB975019CB332F2DA7299BB567ADB354DA0CE4084A73D0B7E91D900F0B8519EB,ab2b71323bdf675c383c69178779d9d8dab6a8aea01b68961c9abd55d756a62e,chisel,2024-12-05T04:47:18.367289,v1.7.1
T1A1F5330F7356620A231679D5319A9EF74C43A81A733647B3D98B13AC8322F7CAE5650F,81da530e620cf0c86a3b6a99d562e7c175951d9417264be1dab397c4146814ab,chisel,2024-12-05T04:47:18.974923,v1.7.0
T14CE533715F817A7EE3F8288E21AD7D68F2787EA3FE017E684E9FB4684D35C150020259,2796d1c48d81be1ec426e9c09cbffede41df1a6e4fdb337f999b6a62d5e05b91,chisel,2024-12-05T04:47:19.364818,v1.7.0
T144F533AE4933023727B32CA5E2ECEDDF5B45969CD514B12310A5ABE34099FD90EEE5C0,b97aed185c60d0b6764cdcd4c6133d09c0f028ed4a53e766d75b42418765e0c4,chisel,2024-12-05T04:47:19.890640,v1.7.0
T118E533DB41AE8C4C4CAD5EAF0619A041478FE14D2D7A3E7F2F09CB626B56D314F068E6,4c069fe55bd14ff52667766cd057196992b0275c78a2d8d7139b7d57c90234fa,chisel,2024-12-05T04:47:20.268668,v1.7.0
T11AE5330FB7D27C917219B6911014CCACC8DBBE7295E34612AE6B720F24376DE928B51F,987d8536a5a920ff49ab1d0948bc5d7c45a7610b2737e407971c361d7072485a,chisel,2024-12-05T04:47:20.744553,v1.7.0
T195E533B8F097E7914395FA504699AF2AF30458FB078E2D8805E4A1F752E18BD03E6C5F,dbf5c14d8ea7fe326f57fbe2b2e140367d7cd6003cbab42bf4bf11de50b52359,chisel,2024-12-05T04:47:21.210407,v1.7.0
T1AED533DCFE611FA94E47B8BE712E411064BFF457681FC624735BA896E06678CA136CC0,6fc368328ce3a6d164f9a867b1b163bd2aac732b49ecda43a926ff39dc81e736,chisel,2024-12-05T04:47:21.657019,v1.7.0
T1BFD533B1478248E8E40211BF0EE1157AB409A99B8F352E0CFD26DD712E7B2D5A76C5EC,b7e50a98223c9a3008aed3617b5b9282a40b7ef60fc274734d3970c7f9add804,chisel,2024-12-05T04:47:22.105396,v1.7.0
T162D533DDD02ED22093193293FBF4F5A276BB73B4A0017C36968D1F916E510A67DA82F4,ea9f997ffb3dd610c9848af65ed980b348c06d8ee11b7fb670d6a789f8075c5a,chisel,2024-12-05T04:47:22.515568,v1.7.0
T173D533604E463467BAF75BEF0699EA0B10A5B33B47CC8361B3D285C4B1CD5B361B7A81,ded27a571bfbdf7f33a8582ba4d924604a825ed427c0e734d0b299328f2c544e,chisel,2024-12-05T04:47:23.066235,v1.7.0
T169D533C80CBB3E462706AC15B00E41D04D450E67A8D3E3AA4F7BF175993FF6E1919D6A,93bd4c92a4470333efab88a00bfec4c3fc64318fc8ce0ffb9187ea54a9acf243,chisel,2024-12-05T04:47:23.392387,v1.7.0
T16FD53357E39168DBD085CA0C390FA88DA4F1B6BEB3BB990F0714C0B5961A793943E1F5,5a145c3bcbe90fdd067206d68009d5ba36f8d0bea8f1d6bcbf0a0f05005edf38,chisel,2024-12-05T04:47:23.798379,v1.7.0
T1F3D533E02E7B4210F8A656D3E4B664793A3457738E93F9B1904324EF701F1F5E8AA52C,ee6603f8abadc1b575b6c696caf487da5421ad772cf65b38f49c35630d34f09b,chisel,2024-12-05T04:47:24.235034,v1.7.0
T129D533A67C7EE26D62C3D97E0A88E26D5B014CBBE196B1F750D0A187B52B0C50E52373,903d7db4500738baf1e30f3923909fda0df637ca2fd904a6e67565f72925f613,chisel,2024-12-05T04:47:24.693034,v1.7.0
T168E533AFB817C09C2944BD706A9E71763E98B7F3990898907ECF53F340C546A5D39B22,631cdab8f10610656a3f360d18fc7019549a68806579092a83cfdee543a38255,chisel,2024-12-05T04:47:25.072546,v1.7.0
T1EAE533DC95825AD51F070E0840ABE99F4BDC21F86E2D839C9D9C5D37B89BB9043ACD2D,1ecc20b0a11a89389b677aceccc9a47b518aaf088c5d6cac63302b27ad12b364,chisel,2024-12-05T04:47:25.514713,v1.7.0
T12BE533D2AD33727966F2B13CCE50591D7C633EBA8B31510996CEAE43A2043475CFB49A,e8c42b6656710ed22955acf7a112ba19b6f4ccd8c6fd195f9133539eeb1aa692,chisel,2024-12-05T04:47:25.937511,v1.7.0
T1A7E53330B921DEBF5DA848D5F75215992BB82B2F8C75E439DB03D3C92F89E14D982072,184c81c9d2a54ae16baadb6f6523e4ae2060c6570682a721f3d977dccfd68a64,chisel,2024-12-05T04:47:26.365026,v1.7.0
T114F5339DE3B5FDBAF17FBDB0A8077E050723563B36A441264E20AC8B85D30D068566F6,f86504bd2ecb874593d5aaa7b5e838106e383b20c4cadd6d3ad7f40a8d94659e,chisel,2024-12-05T04:47:26.883329,v1.7.0
T183F5330430DB92C476FB29EDB2E68DA8168F593D231F7E1F6D5357A107E231C8850ADA,df32f865014710359e52fcf0ba175ad479fec41cde92dc8dc4b7524145121ceb,chisel,2024-12-05T04:47:27.509714,v1.6.0
T105F533F71AEF27472046F8A0988E14DE6DE8F41D8CA4BB15101A1616899ACFC5C3BFD7,a2c2db4fb0e2ec86fbdda64d1fdf5a084d036073ffd366c1c56336c4c5c95bf1,chisel,2024-12-05T04:47:28.033298,v1.6.0
T1E9E5337A66EAB94EE0216FEE0034FC853D976CC34D4D71AF2810F8E2D92ADB1721C556,49cf02eb8f76329b62378b8e9b0ae5abbe0312b9f2c3e068dbdf57f9474dfd8c,chisel,2024-12-05T04:47:28.614172,v1.6.0
T1C1F53354A6DC35829C939EB6F9C01F20D2D1E744601783DBB3ADB4DB80EE4ACE57364A,4a4dbfa07c6f4a72b6727c4a2ed8ef2899f61f724a9b5d142ab30b1c283a6db8,chisel,2024-12-05T04:47:29.168240,v1.6.0
T1C1E533A76B4CFDDAADC0A3F952E476A6052D339964BC8F604D2135301A11AD07C2F9BF,a63a403167d39341c7a116a1f8d599d19859743cbb254ba6203733213081913f,chisel,2024-12-05T04:47:29.590780,v1.6.0
T127E53321A99DD7170A3537FDB4B7A78C8610E6A9E4602BB8394F668C2047E6C1C35CFD,389081eec49334d1d6ef3ba46e2167f6f3010443cf39a4f2e431b274fb58c369,chisel,2024-12-05T04:47:30.092527,v1.6.0
T13AE53338CBC2EE82DC7010F91F6E552B5DDBB6E4FBAEA91DA3C5015637068179C6A01C,030d5d76052e0da4488b216db816fd13bdaf25e047f0b34820a2b55305f9fd8c,chisel,2024-12-05T04:47:30.542771,v1.6.0
T1B0E5332214A50C2B7DAF3FC18964C71869A2222350F61B7FE2C75C36C4F6D929E9F764,f2d93a4d4188a53285c334699b010750786a607162a498f2ff2a93d823cbf0fc,chisel,2024-12-05T04:47:31.020649,v1.6.0
T156E533C76541E0AA52E123C51573B0B323FA3132AE3E647DC2DE9F961BD3062199DB53,ab2c2fad05bea1ece5e7585409c3263dcd14eab456faee47bc9f8a3b866326f1,chisel,2024-12-05T04:47:31.419402,v1.6.0
T198E533A10E49A4975DCC82AD209DE8EDB377A401DC673C7EDDAFD81DED1483811A8A37,fc5d03fa8fedd73efabd7066cfc4bbeb4777788c8a88301a5a27011239c6f994,chisel,2024-12-05T04:47:32.017338,v1.6.0
T128E533937726CDAF1AFC4A7709C2D12DC9B05AC54852D3E2C851AE9FCEE10F600AEC95,7b206d4ff0ebe922b4242b4821c84f9e5c05579fdc4c43033ae9a45f6494cac9,chisel,2024-12-05T04:47:32.472703,v1.6.0
T112E533DC1B0B7159F6885F2423BD824632AF249633FA4E52E90F7F7727313A5B618842,dc713dd00f6dd0dbf2edb9ec5db8749e996a665356e8c6d595b6558b8864b06a,chisel,2024-12-05T04:47:32.901104,v1.6.0
T176E5332762A08A69E267B7CF6A612971E47DC5ACB475A33F3830459700F37D58B13BD0,356fc0b7eacb629e745a774a22e5ed1f82aea70dc9bc420a1d71b9d28ef27830,chisel,2024-12-05T04:47:33.349595,v1.6.0
T1B3E53307002FF8E85754B9A58AB55E7C4FC4F7EB609A3590AC1775FADC2C4830618BBA,1f38f5c7634978f31ac73800ad48c548b97dce8a7264d15fd5d2d9dea9d8416f,chisel,2024-12-05T04:47:33.842247,v1.6.0
T1BDE533C63EB9DD02333CFB919ABB667D470D4898DD788B474F2A977016873B58849838,b872e0bbe252aa4e33492453232f6320b8d35b536db2efbf9d50a1d4e5de14d7,chisel,2024-12-05T04:47:34.307384,v1.6.0
T102E533C89EC73C2EA17B5C0842689B8597E810895D0DB9BD181BC0B4D6AE45FB3FF725,934cdd2196c8892b2587ae94b5ae02e3c51ebf73c4c91b43b081d8add9ea381a,chisel,2024-12-05T04:47:34.792451,v1.6.0
T17AE5339ABD170CF9D3FE5CA97BF42056EF09A008024F789595F6E58936E60129E3F40B,4ff61cccbdf23cddf5699b2499468ed368967fc90f0eee241679c07c561ad2d8,chisel,2024-12-05T04:47:35.270393,v1.6.0
T167F533E1F80A9B28EE7A53BB139F5C17D48A62604A5382C7B75573930098C633F4E9DD,01c8974109c2a3e134f3dfbdd01e0cb277b41d9aee313f33ddec6bb6157e8f84,chisel,2024-12-05T04:47:35.944531,v1.6.0
T1C7E5330A1D8F0E6DE6B23C4E568C7598C21A483D83355F3B47D998C693461E2ABF7732,c33fcbfbaf33ff5ed81591bbb65211e30e274e0c25b04b41cd8640df384be036,chisel,2024-12-05T04:47:36.410473,v1.6.0
T1CAF533F0747925884C46FC6957B6E215B07C66AA4842DDF2FF5EF36C79380403BA2B89,165810c8aeb680a18ef0cbe865ebb29ae279976bb70c2bce46c1a7d7c4777e2f,chisel,2024-12-05T04:47:36.845380,v1.6.0
T1E7F533E5EEB12C9C3A7AD22B8047509A9C3861421BE34D471BB46903EB6773F1B65723,09d3cc04fe795a9883abe23bee0ba2b011a4ed759e09dffd811f157233688be4,chisel,2024-12-05T04:47:37.465260,v1.5.2
T154F5332F8AE4FF8F40347B362483CCE72AB1A6420131377B6ED5A1B601A6D967C574D9,f19bd04ee2c9271e758bc21fc681f0a08ebf441a70b3221ccf5d201d5ae70f9b,chisel,2024-12-05T04:47:37.838094,v1.5.2
T1F0E5331F0615F3DD5ACA47B82F9E02DF92788CA0DDF7A51B766A5A35F0000D12BA46F2,90e2d1bb612d9658067799266605dff148b292dafd4f6ddff3e184a9b7998376,chisel,2024-12-05T04:47:38.216636,v1.5.2
T189F5337F7434AAD012D7EA389BA3E9D1F12CF2C064FCF95AE51C5224849797B03462A7,020e1dde294fabdc174cfec3d2405f70d462a897241582d16aff6670230acc45,chisel,2024-12-05T04:47:38.652067,v1.5.2
T1E2E533FD7674053A37884B7846FBB54F620F28D4EEBB01A361E24DB118A45D5A8F0F89,78b372bf29a88ec2683f975ab11a728a53a19dba021023d9b2ee46fb94cf3a66,chisel,2024-12-05T04:47:39.007507,v1.5.2
T12DE533699594F441534BCF496568119AFDC33FA413122EB6647AF24DC3E03ECA0AF2BE,90fcf63af14fcaee770bbf4f777845b46fc81a6c38ed966bb80c7b5078d46f17,chisel,2024-12-05T04:47:39.464276,v1.5.2
T166E5338D6F3AD95FD2E9C27ABCC14EB3CFC7A593CD70E35416032D9211E096989160AB,c336fabf158958c6946e05e28320ce520adab0ee3ccc7e1bc616179d1ece1908,chisel,2024-12-05T04:47:39.898047,v1.5.2
T1E5E533874CC729C7E31D0F43B52ED8BD6E37673BA01501BA2E6329DC9270AEAC65D449,70cbfdb9e353bae5fd131519b3258be7c9f46e60d97737dfcd386e2c0b61ebf5,chisel,2024-12-05T04:47:40.444234,v1.5.2
T1D4E5336A5FD4456FA05EF47D89823D0E3FB85DB271FEA04D28E15F234EDD40A2269B20,48caf6ffe4985e7541b9d34e8b6946d8c99e9d87cb46d146c81029fa280c03ba,chisel,2024-12-05T04:47:40.830576,v1.5.2
T19CE5339181D79A741E1F62381F168EB3FCF2CDA4768BF4C9841FE7518D212A32926D1B,9eafa0b3e8005c6b03cb5d2522140021c573b5efd042fcc057a4ff75794c28ea,chisel,2024-12-05T04:47:41.396852,v1.5.2
T1E5E5339697993ED709AD3047CA8428EF277E66121A2F8B351B9D3CC75B7C801079CB4B,afd8bd5606cb0e36a8be84a629f7fda4b4ada793ddf9eb758d9259e529f9a76d,chisel,2024-12-05T04:47:41.842520,v1.5.2
T12EE533CB45B915D1AE44C9582BFA8C5A7BB868333B95E3C81D8E8731773BD03109DA78,64293e56dfaad772c31a8d53e7ea876b9db7aaea29e89381684f56227952813a,chisel,2024-12-05T04:47:42.312864,v1.5.2
T1FDE53363EBA0FC69EBB1130442F7A7E887A353A7CC15441F417A089161DA1EB9FC1B9D,0235a4141278cb9aa45413f9ed58f0c20ae38dbae48b8440a1b96e4544e6857f,chisel,2024-12-05T04:47:42.712151,v1.5.2
T137E5338FAF0EFC3EA448064B690CB5F1A7C422B918556CA39C4C7D3E95E755F7900EA8,90c08dc1a2ec6ad65002990fe43220d8974c92a02c2639562447c98bdbc04a22,chisel,2024-12-05T04:47:43.197335,v1.5.2
T130E53330B2065709972D44634EA1F8B3A6621CC9408343A3A6BF0EF75ED96B905FDBF5,91474981006a8437b1f628985dfc79c56dac4cb73dbcbebed1c01211149aef81,chisel,2024-12-05T04:47:43.714824,v1.5.2
T1EEE5339393A7E0409391F6D29E9772183349F9238C0265035DCDBEAB49ED791E9CFA43,089b8bdbe138301d16cce615880632cd2b211b9f20b31d4748f88851bd13a79a,chisel,2024-12-05T04:47:44.179199,v1.5.2
T1A5E53313C1BB4BAC484DD246FA797003626F1ED0FF6A170AA55951F074E346EB623CEA,ca32913db657697990e77b687cfdd25a3d40c45169802c874738581d3408549f,chisel,2024-12-05T04:47:44.578180,v1.5.2
T1E0F533938040BA7E62F93E89C8B9AEBD2D3BDE292575CFCC8C74B60081F125F5185569,ba933871cda9e4c84297af7c34424c01d565e7f3968f14e8bae4ec26e7f7b389,chisel,2024-12-05T04:47:45.086771,v1.5.2
T169E5330D9B0AF2F7346803663C451908A4BB6441C5E1DF97E19EF10EEB068F56EEA379,8b3dc5f7f95e60cc22e2e41bf2c000c3ab16983493bae2427b92f984147de598,chisel,2024-12-05T04:47:45.492171,v1.5.2
T137F533F936D29E256B90F2ABC6370190861A4FFF9923F485CF0DE7622089E81171E577,d974db8d60caa7e30f7981ac82ec930295f8699fee94e72650bef5e35568bfd4,chisel,2024-12-05T04:47:45.909978,v1.5.2
T1D3F53318968B501C3587DF7AD4F4EFE213C280145AFEED9A69A82BD010FD5B528CDCA7,e614bcf1b052fd1faf384fea62ddc4365051cef7bced133d54cd972be74e550f,chisel,2024-12-05T04:47:46.537719,v1.5.1
T176F53361A049C85A3C21C3E2DD957CB8EA0F930501C67982754EFB967A92CF33EED65C,3f7d06db3e6284ecccd59011f4a1c59c3cbf61804152948f54df02da5400f194,chisel,2024-12-05T04:47:47.012165,v1.5.1
T11BE5333A4143E944E2C6DF287EFC9B286FAB5064BAD853915CFEB285DBF8410D43485E,8d87231f69d0fdeb63b10141cba62e31cc0fb16a105fda66fbd77f06e9d98feb,chisel,2024-12-05T04:47:47.435087,v1.5.1
T1C8F5337F7474A6C012D7EA389BA3E9D0F12CF2D064F9F94AE51C5224C4A797B03462A7,a0c0fba4ea509e8ff5ec12e60299e0d08f83dcdd5edd5ceb10d18fc3af5d830b,chisel,2024-12-05T04:47:47.837007,v1.5.1
T158E53363743D674D3BA45FA42CB57934CB822A8DFA773302162812D5EC1D8AB23F9593,63f6929cf8f9c534611dc567df4e773bc6172288d3c6edcb3f92a09e303ca8d6,chisel,2024-12-05T04:47:48.289832,v1.5.1
T14BE5335434A1EDC6D78868D3328A2206E7E017AFE2DBEDF886716D6EC51709533CEE44,f6898381e46e3d7b755f69c7e5dff72800a29a37ea707ec06c3c793437910dd4,chisel,2024-12-05T04:47:48.803506,v1.5.1
T100E53321CDC0CAA05F39DB38A3E6330A6F50C7F12059A1784A8AE53915DBBE5537EF19,8009852738404fcfead7a80baac530fe2a8633d4dcdc17cb9230fa69b026a72b,chisel,2024-12-05T04:47:49.207360,v1.5.1
T145E5335E1FED2AB6E0F5B36BE550C0C4B990E930D40794A747AF3093A5D61C4AC2D3BA,440fb40172430f771a7c289ebb8257988624fdd0a95f84d0b24432a18144b4be,chisel,2024-12-05T04:47:49.560879,v1.5.1
T137E53343966901259BFEDE27F891F26C229CD732D856C1B2C2364E34DC98F6886E5F13,f1a21c50b4c315780c16c0777f84b5fa407a98acc014cf68ff05e3c007ce2f0c,chisel,2024-12-05T04:47:50.029877,v1.5.1
T184E5333A8B7474BD0F2C0DAE0DA3B492DCF0E6E0D19FB451AA0D595CC21BB196AC475E,6c0f535128c8536421e213c4c1f55e4eaf690aaca78e34dc106994df1b48cf4b,chisel,2024-12-05T04:47:50.517072,v1.5.1
T182E5336033F2E775921165013021F6F6F1DE613F840F306B863B7AEAFAA67B99244176,208d9e93e6dcf6d31df62abcaf50dceeaaccbc174496d495de8f4bb066c2547a,chisel,2024-12-05T04:47:50.948312,v1.5.1
T1DBE53389B6A89C48796A81310D6E066C97F437E26BFA77CC2D15B1BCCE040F5247C79B,3f9957546691a7b74cb1670cb39df0a00d0e6b8e55d6a049278ce97637b2e689,chisel,2024-12-05T04:47:51.420285,v1.5.1
T195E533ECEE508CAFC7A63CD52D517D9433CBC66813E86B9804424528663AEDA14ECF7D,1487de57ec8a5a8201abe0b868c17ff8cf04bed18a298050edb663a793c0e030,chisel,2024-12-05T04:47:51.847858,v1.5.1
T1CAE5335B41B3E80632EF77D16611CBF995DA3408C77980ED30647BE9B8CA7E412DE988,bcd23b279a6821e726d190afb11762f53741de0c8ee4724925a3c908e55725b5,chisel,2024-12-05T04:47:52.315643,v1.5.1
T196E53332B507168DBA1D9C831EC1F55269B21D8C48CA4FDA226B8DB41CEE11B05FFF96,c2c3bd47f27bb46be73e9ac8aff49dc36d6baea77ac7998d3668aef1b4893f85,chisel,2024-12-05T04:47:52.704139,v1.5.1
T1B0E53350C0EC6AA8A4A5E015187C300F978606FE1AE31EE36D714D7F62D6779235BFA3,1da68fc3d86dc4d5d67359180fbeb8ad68ae90e347d1a9c12f77e21959c25efa,chisel,2024-12-05T04:47:53.174461,v1.5.1
T1F8E533B217CBAB530C564E1F51167066609FD21A83FA61A8A4FF373021EF9494F3D98E,320fff4e8283c563cb74e5dc61fd68e4cb2743da27aae20d2b260c6c27e41f00,chisel,2024-12-05T04:47:53.596303,v1.5.1
T15BF5335ECE2B9C9E6BB3421532154BC5AF8E5F3DE9588960023D84148622272CFF9F4F,a5323adc6557587f17fc2766b95efbf76e5148dbc14b744cbf72b40bdc40f601,chisel,2024-12-05T04:47:54.266631,v1.5.1
T173E5331C5C0971DB78AA63662FCD012CA08DFA048B54CF5F579D7E05BB16EB238F8698,e5139e7b40768b3a2a6be05138cd8c5cd5fc71eb60b108e0743077f0e4df3a4d,chisel,2024-12-05T04:47:54.915510,v1.5.1
T1D2F533F936D29E216B90F6A7C6230190871A4EFF9913F485CF0EE7622189E80171F677,327dffe1cd625e11fab82ef3aff41f8ca8ae138e88567d4e3bd059bd1b0a5441,chisel,2024-12-05T04:47:55.497898,v1.5.1
T1B6F53345FF32715FFFE6901750DE969C606C3A17A377B866CBF8980266032662E1270B,7b70c0af1d1d20eb090e2fad0afceef71e12b1083956dd7d58b181425478b764,chisel,2024-12-05T04:47:56.071126,v1.5.0
T13CF53352D0C3AD11B0DEA101850AE82C6B57036B8D67DF6BE31B87D951E58ED3ECDAC2,71f693cce010e95145ada158a6ec7e7b1b9902f222dc53d9d54bee4d75031951,chisel,2024-12-05T04:47:56.559526,v1.5.0
T1C1E53398A070DDD62D736B022D8EEE57D081023268D7736674AADDE7CB168D0C2BD9F4,8dca31ac3cffeacb63b9f572bb9f4b53481e51d1d74269168834c395725f0b6e,chisel,2024-12-05T04:47:57.044390,v1.5.0
T19EF533006DDACDFA8F5DC4284AD427D88CD97E845A98CFEBF744FE5DA841AE302215D2,73510d6bd5ae0d698d510c6ed240d7e5cefd0a2111a3123ff68ef63329bafece,chisel,2024-12-05T04:47:57.493793,v1.5.0
T1E8E533A90B64173776DD0B364FB92A0F962F35D0F82B08909DD54A701CB438FA9F179A,08e4c0ff7e4631b54fc848a95a15be134089e2422cc173f96ae11ee3e803d95d,chisel,2024-12-05T04:47:57.914961,v1.5.0
T1D6E533D12494DAD2DA69B4E375CB311195A16AFFE3C7E5F0C7807339DA2F49222C8E81,a3546da8bf7e18eb991cf72b2d702c6b07997140959f9ef56ba64b2673bbd7fd,chisel,2024-12-05T04:47:58.356983,v1.5.0
T1BAE533C9AF3DCD6EE0384537A0F33ED1CE5A06F39AB0FEA716121C4259659B906184E7,1fc97740da37d89c33dc2f6aef5840827cf0efc69519c320678494f369bac74c,chisel,2024-12-05T04:47:58.759994,v1.5.0
T1C4E5334185DC5C70B1F3B9046AB874480FE282B9AFF21D9BCD169A7F8AF1059729D8D3,793f49ad93a26d3c9407ac76af0a8785610db3216cc96b348f6417c2e3583575,chisel,2024-12-05T04:47:59.180321,v1.5.0
T1D3E533DAB1A4D1718031FF1BE1D09C9861ABE38AD59C3D50A8902FDA30D9429D5EB4BF,e1ed358b0e31199ca8ae3cc4307183d3131c27cef32c610bcc955a03527057bb,chisel,2024-12-05T04:47:59.660382,v1.5.0
T14EF5337D16057ABB9397794440328BC0FA4D0FADA71D4AE80B754761B269C332FD0EB6,f6e0cfff7d80e0673848a96bc1e667c2716dec682c4f61156f83b070b9da8b4e,chisel,2024-12-05T04:48:00.090467,v1.5.0
T18AE533472432920965AC7E6DF1B02512778622E71E8EC13EA030DA35F8B5675DFF7E28,46fd93a2992e8e9a29740d3d116d6d802315e51753f667cd3e462845ddea663c,chisel,2024-12-05T04:48:00.612674,v1.5.0
T1ADF533197AA32D8282669E695DD443D1140163FE0E93E7DDB31F82CA6F262ECF81F171,4a0f3b61d6e69fe1492d30f30864286f520e96caa6c725375ccbcbca858fbcb8,chisel,2024-12-05T04:48:01.080950,v1.5.0
T19CF533DB81B3AC706810D22257E60EF1275CEAB5176D7DA8C940A64D7EBDF901EF8831,6cf8e628d3c3c765a55d482e7124e88f59a47949c8f677ba45b00aa0bbc7fd1a,chisel,2024-12-05T04:48:01.765187,v1.4.0
T121F5337C0F892403DD3BB2C0F2110BC9EBFA16FC2B59855EAF2D1688BE44E6B5569174,665593018e2d7938198172532fad4e17c501253b1a75106904d0eb50bf2b8c75,chisel,2024-12-05T04:48:02.275985,v1.4.0
T13DE53363C760B633CDC915C1284F4E09A7E2E2F4318AA0373EF255E6193B85BA4955F7,d3e8378618c05eab2159113af6737a1c6b49f982ebe2eb1ab7e9b52e5ce1b330,chisel,2024-12-05T04:48:02.810304,v1.4.0
T18FF5332D44FAC9D95BFD6B0E9ABCD1559350EE074A60223FC205780CF0E9748BE98B99,992bbf36c83f56d459a79cd34638f7ba932ad4a313eb9a63c8a8cf111ef9497b,chisel,2024-12-05T04:48:03.323641,v1.4.0
T144E533136447D62C72F397C3213D22BC7D5E436BA270C7818186A7E61C53E9CB199AEB,84e1091e97d33b0b8ae7c600f649e0cbaf00c1b7650d965ba4ef903eee709550,chisel,2024-12-05T04:48:03.771678,v1.4.0
T1E1E533850816222C53A59316AE7ED3012FD9B228C725C6BCB117F13FFA4F6A979E4463,5a89f9df7621ef8eac8832f7397c55559d71cee04a798474683e7e0019f5ee49,chisel,2024-12-05T04:48:04.289987,v1.4.0
T1B2E5335D5BEB424A94048DD162224F0C86B935B4E6AEFEECC42AF09205D7F8F13DC799,26e511920655fd8129d9d192f9ab2801a23c379bd4690bc1d71b5b94a9e99310,chisel,2024-12-05T04:48:04.780572,v1.4.0
T1B7E533C5F0EC61B497B2B97CBADF9D3F8B224C01A5A2BD445517E1069FFA1707C06A88,70ddb33c1ce8b8ac5d3a7339ed37fedf436f91e5a31bdd19c8029968766ad3e6,chisel,2024-12-05T04:48:05.288396,v1.4.0
T1F6F5330A19DC3C9207C3DB6AE97568D8B0584F5AABE4F915DED84826720E00DDFEF0B5,cc4e23ea2383b1649d22a6bd176f8b27505919a61d2e838ad337743c32702de7,chisel,2024-12-05T04:48:05.740272,v1.4.0
T192E53355F413018F2799A06D3A3A2B88F9100849D275764F2BC53CB5A8DEF75E7F83A2,e6cab14548d77b0f7829ceb222c1b634432afd423dcbf61e160634096b82bce2,chisel,2024-12-05T04:48:06.345219,1.3.1
T1D8E53371F7B90B9C28E54A041CCC89790C5F713AB4D99EA24FAB356BCA02F2E1675DC1,4ec5213f3a8aed7bd1daac07c9d50932edea9384e19a215525b963427c25066d,chisel,2024-12-05T04:48:06.780193,1.3.1
T127D533BB941A932B3F591041F51761C82BC784EBA8A82502C0A6C477F7DCB9179B86DF,8405dcb456eb56be5a810d5189996286ccf9da781705ac1788644cf91487ee8b,chisel,2024-12-05T04:48:07.223405,1.3.1
T191E533EED01A4ACD90DD384E9FB2339E08D2B4505590CFF60091D2957B23AB6A7F16E7,fbbc07b9b6d448c80d5bb8a086d715631b78e30eb10cb850601317b21256fb8d,chisel,2024-12-05T04:48:07.615246,1.3.1
T177D533C3EAAC8C667E400D4768508291AE1F193695FFEF615B931CA034FA87BD36D352,84fca6c04d81477223b295838e3edb59744fc564c68c614b93c33a537a066bd6,chisel,2024-12-05T04:48:08.034346,1.3.1
T129D533FA5345BD9A376DAECAC8D6F23D41DCCA7544A1DEB406CD8183F1A07284CB942B,5e68b0a2d0424b4afb739ac7938e49ec2e9cb41999346aee22c0284aa1cdcf5c,chisel,2024-12-05T04:48:08.485481,1.3.1
T1FEE5339EECB1DD5EA84D7FEEB868616343B980557116CBB0972CB39409F2BCF18D011A,5faa6197612a38b41bb54cbec6c782b5ea1bfb2da9ce236e493451de1b33ff47,chisel,2024-12-05T04:48:08.949595,1.3.1
T16DE533065AB1E78179DEC1100876CAB2F6D6D0FAC5673DA134142E39B4C5BEFB4E4B22,978dbbb6bf4794203430805e3cfe01ae52b0bed20f4c4c88d7117ecf6b6a138a,chisel,2024-12-05T04:48:09.563439,1.3.0
T111E533A17BD46DC3D353F7E417D182C7871FEF810DAB478A0E706820F6507D8A895AAA,04d10bef7b5d5a3c16782bc908ec5ea1ceacf33588c12d65ee4d314f6133d0f7,chisel,2024-12-05T04:48:10.077170,1.3.0
T115D533B582DD134DF4CA6CC87D8A18A911D888BB4CB5331CDF76522868EFFC6A834476,25861c1cc31e530c5f8162e78585f40697c28164fd3c561d3d1a31442ee1ec17,chisel,2024-12-05T04:48:10.720808,1.3.0
T1BBE533CC8A3CECE9953F09BAA01CD683AD6675CBF342DEB4F27DC525949107E20D9182,534cd20e815e2f733e1d381d60b80cbdffa476ca72d16769ad4e080e7f26a803,chisel,2024-12-05T04:48:11.145899,1.3.0
T1E0D533D0871D6F827863E28A70A88D99E0545B0246E7F58C1EBEFE57B34671001BEF97,f6324f8d7b34cbf7dd27366148d1a9923219187ea46c4d5c029ed3e37afd47bf,chisel,2024-12-05T04:48:11.643493,1.3.0
T185D5333330D78FB39D7DC1E6BF529F90F85581EEAC28C4266A06D15AB84DC7B2A65070,fe6f27e7f2f8b93fd436a7ec4e99c0e79b40e639772b5c8e378406c7b867bd63,chisel,2024-12-05T04:48:12.043042,1.3.0
T1F7E5332C02419F9C9CDD3782ADB6F74F4D892981D78FB8A25F02D2BCB99209561D358F,fc1ca88117a5a0328991e63be9340c949d22a25f53134d04c1ffc7be2ed69e6a,chisel,2024-12-05T04:48:12.533234,1.3.0
T1DFE533B804BDBD67C4B762BBEC3EA0194F38973949AD41BA5DB46066D306FB4CC35860,886c0eac43136acee5b85b22c72965d63faf9b9f70ed28deca9c3b028b22dee8,chisel,2024-12-05T04:48:13.110062,1.2.5
T14EE5339FB733964A713BDE48C3571AC6C1E1714A4A23D35B4A8A31AE94AD331FBD48D0,33323e73135262eaea63742b1c638a42fd535238c2bf2e6baa1b42fb593b0ddd,chisel,2024-12-05T04:48:13.544570,1.2.5
T1B5D5335E80047096C1DF46B0B044ECAB31BDA7DE5A87190D2BD4BA616DF0B8EE62F5F1,9f19635e335acf9c73acaa6754d100215f3a14a5dfb656abf9dd416237dd3b21,chisel,2024-12-05T04:48:13.923696,1.2.5
T15CE5335864880903C5ECAD39B6E0FFC580DC94E879764AB681F6557CFF2B98F29C4863,1c008a8214c1fa6b06500d92a76900314b9f889818d6dae55f274f3a95d874b6,chisel,2024-12-05T04:48:14.349543,1.2.5
T1A6D53396B42D6ABEFA6CECCB20829A38CD169DEDE0D0D2561487C71343EC171074B66F,06a73e3d9717d7eb479c272ec005cef62ceb617735d4551fdaeab8a695abd7a5,chisel,2024-12-05T04:48:14.808358,1.2.5
T194D533CA6CEFD8F2E14D4D0F0C86444682BCC012F96D5118D96B723B6CBBBA425B76D2,3e3e74bdc2c23c8b8e6d177588d7d4d371f63b10aec638126c8ecb117579ba11,chisel,2024-12-05T04:48:15.318789,1.2.5
T16ED533E174208B511A4E2C054E2BC77E82C02B187277787762BD9E660E93C9F7753E6E,7b1aa993de7f49a7731c952cf3abedad501f45dc378e18b9b8245eaba78e72c5,chisel,2024-12-05T04:48:15.762275,1.2.5
T1F2E533527170D7267E8A48C5AB4AC31F28923FED3F11AF65380B68988776CF1C6E4D64,dbf75975cedefebfbc67ebc49ea438821e8835a8ea6b4b922e473861cf72edf7,chisel,2024-12-05T04:48:16.455716,1.2.4
T1EAE533C9D316FD0AF9CE70A39B56155E25143B318AEDDEC23CA6C8DBC344F25118B8A6,b63d2ec8180679831dea14c5fe8f85018c196d5f38dde79ffcfa839f87729188,chisel,2024-12-05T04:48:16.907280,1.2.4
T1AAD53332B694DD33BD2A32920BBB9ECD18C161EF851DF16C159DB48CF291FC98967086,208106c83c543b4b6f32f21049b2ddd4927c310fde1a5a6caf9707dd47289037,chisel,2024-12-05T04:48:17.340719,1.2.4
T156E5334017D87465B5EE9492A0915A0472E384CFE0E86A792B344BEEF650F1FBED0F6C,a63e1dbd23bbc640410dd811ab84e179b741080c4b4d8b5e08e5622d79884e38,chisel,2024-12-05T04:48:17.767744,1.2.4
T157D533527957B020AE3A6D0935815CE0AFFC179919119C6A0CD9BFBE40C1A235FEEB0E,0e744d477bb40e89af274ecf70c339b9674699e4bfe984b5dd73a2b877369d48,chisel,2024-12-05T04:48:18.180642,1.2.4
T1DDD533FC2780BF77091456BE56CC1021FD5B498BC0A9B856EA9D3AA270BB7D38550F8C,bed39aa210495c7abbcea21448c62a2ac5a90eaa4d6d3d315f2a09273279af90,chisel,2024-12-05T04:48:18.685614,1.2.4
T112D533D8562D4EA3605B1D514FFA2BD3B61E8792A6D201B78F3DA7CD00F00A74B0DA9D,0f84fb1ee028a12de7b7dfd282528b61ee8f248d8f4a6ea1ba8ea186dc0a06a0,chisel,2024-12-05T04:48:19.148258,1.2.4
T19CB5339670ACB8F924293592F4FDB1AFE134E723027B56BAED1430E85F7038A5437586,7acbf2c647d3fd9b61f6c3c8cdc8bcd3afd9f4dd1c2a95a3b30dde583b95ed22,chisel,2024-12-05T04:48:19.669979,1.2.3
T1D5C533E84EC28ED189D98DB1FA6F246DF57EE3106DA12E05D1F3BA1D08F2D11761A813,7db43d94124a60b25347cddbba96109399cba1df3d4b7231d032888e4c2ae061,chisel,2024-12-05T04:48:20.028515,1.2.3
T102B533007737289E74297F30E8F4FAC18BD7F165A1E55A3383A33787928AC95286CD55,4eb354e4fa6a349133460b511bbe2dab2afe57ef6d05ef0ae40c91627d17b18c,chisel,2024-12-05T04:48:20.391533,1.2.3
T192B533C91B84F1A75027EB26741FF4EE427FF5D06CC2058D6B5AAF4E932A04234B66C9,c209bedad717b0db49a7109c3b4dec90cfad5d58dbfe7e8c32f828c61494bc60,chisel,2024-12-05T04:48:20.801119,1.2.3
T13BB533D45AE8D113AF34F976BAF822C984BE11D3174C09D5E31CB896605DA3D82FB42B,63f5ce1c0d7cacc9f68421eb56b0640a48fd52695fefbe3589d7a2520a684123,chisel,2024-12-05T04:48:21.178688,1.2.3
T1E0B5338B2282D4A7B8ECA1EDCFD194B6233F4D5FD2F3B1699CDC0449A687574CB12258,c821704956c03e7edc23f0eab92bb7ecb668cf34016c523101681c608645da67,chisel,2024-12-05T04:48:21.573792,1.2.3
T13DB533A2F4BC63913DF3828F592CB5F414D39E5AB3B82C0076507BD658A0E8E7C4966D,d1fb14a96b35b807b6b2315bc198b778f0ced472685c708d757a5219ae06bba1,chisel,2024-12-05T04:48:22.111560,1.2.2
T16CB5337C36195D665A43204002033D91953FAE9E71CAF24E458EF19724EEBE8EF12A7F,651095e7885df539f9cf20ded168c9097051bc99bcaa5cb5442d21267e14317e,chisel,2024-12-05T04:48:22.542498,1.2.2
T142A533AA86DBFAC0D2E0C22BED78E445DE31C8F1D81252CFAD9CA59D44F1F652134726,d2f0e9bf854c80b08a355e367d8f8eefb6defc64c0c42e3a970bbd0aa9abfb8d,chisel,2024-12-05T04:48:22.941825,1.2.2
T14CB533E7FFEA97724E33598E89C7848082B463CA596C1D60C6CB464C066CD3FE14E6D9,8a5d969cab714560a2c7109d7a70bf653d860b846929d2db55782f4ec2604597,chisel,2024-12-05T04:48:23.321227,1.2.2
T1D0A533A9B4D4194AC06333FCE8F9A1D04C5EEE6E1F530A496ED607698B6DE84F013937,5b4300844bcd004ff1d5415a81dde48c9b3505338e8ff1b8bdaeb5f89c415b46,chisel,2024-12-05T04:48:23.862812,1.2.2
T1C7B5331E7AE46AB455938C35B3C065FF279B8F5708D327E80A0607A295ECDE3744D722,a0520b0aa5b53fc9f4f2257be26377776ed65ad998a2b515e62b28a8065554f3,chisel,2024-12-05T04:48:24.304319,1.2.2
T1DCB533F439283399D4696DDC4EE62F8ECCEABC9800DFF882E68E0C108796D56D765171,985976339729a11396ed9c207afa49b16961aef42db3ee69066d2d2a5c69bfde,chisel,2024-12-05T04:48:24.816768,1.2.1
T185B53367F9C7C9B458B346340B0A9755A8EF3C688C324274DA5ACA2166F3E11E9F7C31,1868f166b2b622a3fd8bcb7003527e32700d222d5a8275da4479d04ec991e54c,chisel,2024-12-05T04:48:25.276180,1.2.1
T1C9A5337A774E172B87E17DD07FAEF45AABB10283D562772D2417A8185F3192A9C02C0F,3e93d23c966b89a3e15719d482d61cb107eb12085cbace1a6453286decea13c1,chisel,2024-12-05T04:48:25.620186,1.2.1
T170B533A0DC3286ECB48F916335F9D0B6802A49AE9F7FA0F15C15795DF21F768A11E027,0162e0e84eafc8ad462d99ab698da4deb9d8363a5c02a5624b3dc3640ebd3e21,chisel,2024-12-05T04:48:25.995078,1.2.1
T15DA533AE89EDE0C34542E5D5D6308BC259B48F7CE1834B2CC27CFE84F1416AAB56B1B5,287f0bded23d895ed013d7d66f062560b983f1ed8881d59e0ab7e9374bd76c73,chisel,2024-12-05T04:48:26.422877,1.2.1
T10FB533D7178BBE4FE298186880376CD93B830DB4C64D7D0DD8913E54FD12750ADAEAA8,3da9c10c87a3f8b9964462299ea2edd92c3b82ed00e412e36a7a4a854b76079c,chisel,2024-12-05T04:48:26.866470,1.2.1
T15CB53309E5896872E09ECEB87CB5D910FF313CE3BED09A946950B5722BB3E372085D44,0d6730ca52c1a887006e318a677aa70ed059c67c4bb82af56fec792b2a72e1c9,chisel,2024-12-05T04:48:27.404827,1.2.0
T15FB533CB245F0FE809B6301F5FABAA937DB8C455F43EA8180736AD59E1D3841CDAD906,3178ccb34c7dfd53d77a18d891bdc3d6376f5346746d65e6d386cc9c36040c39,chisel,2024-12-05T04:48:27.838354,1.2.0
T145A5332AA1D2DA6A58EF9085DCEE3CA879FF70A8EE5045355F7075121BC389DC24CB34,9c4fb7421bff7098ad6cb75b882d76306305d1741abd89d5767c4f7d7f523a62,chisel,2024-12-05T04:48:28.237337,1.2.0
T178B533C5042C57F22C01638FA61B4BDCD3EFB52CF9B8451D96A704E922AF67A814EC67,04991e2f282b817df64efc7d76e57068f36993903e59c03acf05286cddbb75ff,chisel,2024-12-05T04:48:28.663689,1.2.0
T1DBA5332561C0E05095033BF75D6CB225E3F18E3EAC64CEB8DB8D6FE59B1730962161AB,20792cb4150c6f086ad7c096ccf60c8213c2e68877caa7106abb62ad8a50529a,chisel,2024-12-05T04:48:29.106394,1.2.0
T1C2B5331FF358F4E86403B838A98536D2CAFB5922D934D4E8D584E1206B66ECC94BED4D,357b50be2506c10d74d5792d52cfd892155540741f3dbf270eefcffe6884fd14,chisel,2024-12-05T04:48:29.531414,1.2.0
T18BB53325AECC43D48F90A67A9DFC12F85957427EFB8285D842F4B48014FBB384939B9C,b0ef1323e8a932c4ce1ff333d0ddf165c87997f07be51453adec35360feeb451,chisel,2024-12-05T04:48:30.036389,1.1.4
T18CC533782C5DB6A83DF8C0479003D36368948C6B98B5CFDCE6AEA85DA7119C8F45D4C7,cdb93e8cd015790f3895a76168b8ce42f73bc7da4ee4ab08c9ea7ae7fecbd9e3,chisel,2024-12-05T04:48:30.433145,1.1.4
T1DAB53378C6F0361ED95B804AB6596B9DEB2835FC458C3B896BD337C0650813E814DAAF,3daf3c3717e738b47246b5fb7106b8b62e374ffc79a1f824eb5aaaec2fbdc27c,chisel,2024-12-05T04:48:30.793646,1.1.4
T196C5331E5DFC414EC0F1D35FDFEA861E2E6F79086188A15A5C900AFB19C286F766C127,2553a72abc7f19fbd345e3e85fd73aa883d062e893ed4f7b47ffd7648c16a063,chisel,2024-12-05T04:48:31.233079,1.1.4
T1A2B533D0304909EC997769CA069B3F7ADB605999853C202137BDB3BC0726ED1ED82FE5,e8e43ef253fac38fa05323b327609c182bb1b5342d340301424deeaf1bd26673,chisel,2024-12-05T04:48:31.594716,1.1.4
T1DFB533AD491BB2E1CB71F96BC3E8E102C1FFE925A0C115E294FCB992B271546817C1F2,8e81fd470bb1b6091600ba95f951405e35c9ee980ef34dbe6525a5aa0a672448,chisel,2024-12-05T04:48:32.024526,1.1.4
T1AF465CC0F99749FBD68A4EB08CB2671DB7319B0401F1DB51EBA8965DF85B23B107A381,07f009e043fa257ce9a101750aa33c39802701f2cdda5e36f1adc865f76ee551,chisel,2024-12-05T04:48:33.085604,1.1.3
T162565D80FDAB09B7CA860E7188F6831DBB39970541F2EF91EB64857CF9471BA112B741,911d94c3de1cf9aefb38c41bbece9a1f57bbe820e74ace7dd43450029ccc0185,chisel,2024-12-05T04:48:33.289101,1.1.3
T1F9661A47FDA28497C2ADC27688B71B20BF71F15544713B036F7452292A9BBA87F6E310,2930e099671993161647151b193b688d064121008ed1dd6b7bdd2fb2cb6fd38f,chisel,2024-12-05T04:48:34.085784,1.1.3
T158762A4BFDA248DBC2EDC27A8CB21B15BBB1B15440717B436F70417EA997B983A6D700,04839a6030528edf3c34948a07ef97c5086f4002faf664e63cb481d734a120bb,chisel,2024-12-05T04:48:34.368926,1.1.3
T1F0466CC0FD8705BBC9C64F7188F75B5EBF31570580F1AF80EB780A69E92B2691929319,b3f871d4dda9fe45443b1bf6133564fdf57b3ac8a361e53cffe277cde9923faf,chisel,2024-12-05T04:48:35.084807,1.1.3
T1EA565CC0FD870ABBC6CA4E714CB7831EFB355B1441E5AF81EF381A2CE95B2592229715,73ff3a692cb0f3b854a93657c2027c25d592bbdda6c31c03020edc998ddeff8c,chisel,2024-12-05T04:48:35.242893,1.1.3
T12F66F88AFAA249DBD1AEC23189D26710B731B45409B2B7D36F71422B1D27B9C7E7D700,a5d346079afd59a52ad8bfdf9bd18d41df81851206eca56f6300fa217f6a3802,chisel,2024-12-05T04:48:36.008955,1.1.3
T1FF762B87FAA245DFC2EEC27489E26720BA71B454017137D3AF71063A5A67B987E3D700,a35897047e7133d945d23666b2299c85e9f767cd709897e47e32edd23331d237,chisel,2024-12-05T04:48:36.308675,1.1.3
T13646F687F9110B97C6D82373ACFF4696736713B982EB12419D05CB3836AE6ED1A34781,1c4190472291f7f80c547ddc3c04347169cf2ec1ebdeb10240a75fd9995eaa91,chisel,2024-12-05T04:48:37.057697,1.1.3
T1F056F883F9501A57C2D82373BCFF8795B36B137982E721418915CF783AAE2AD0A34B55,137db7c2cdd04c6472f545cb51fd876e34b5529d73975a845fec36b845f5d45a,chisel,2024-12-05T04:48:37.244331,1.1.3
T1AC465DC0F96B15FADA8B4F724CB2571EE735570941F1AFC1DBB40B2DE80B266092A361,30bbb3ce86518593ed7303483315a09331f12dd88b7519e7e0b49d340f9ea7c7,chisel,2024-12-05T04:48:37.969277,1.1.3
T198564AC0F96B18BADB874F314CB2531DB731671442B2EF81EB78092DE90B296A739751,1267325b1e5bcfb8f88dc79d217fc76dcda0c873a772071cb6def5c81df1b887,chisel,2024-12-05T04:48:38.117597,1.1.3
T1CB662947FE6601DAD2DEC23189A15B20BB33B97441713B526F7805291EB7BAC6F6D380,61a4fe1a1528173da81c547f042846b4acd7fb89a3550673e5ee3419efee144c,chisel,2024-12-05T04:48:38.880345,1.1.3
T16C763A87FDA6499FC3DDC27489B16B18B672B5A401713F826F74013A2697F583B2E324,3720700accb409d19e35989a953865131a49c0bf5da908e50b8cef46e88eae00,chisel,2024-12-05T04:48:39.121005,1.1.3
T17F565BC0FDA709B7C6830E7188B6436AFB359B0541F6EF41EB6449BCFD4B26A152A701,7b1eb6dc436ea7c24f702135fa5b664e2c7f31d2772a26853d9f282e4d70af2c,chisel,2024-12-05T04:48:40.108253,1.1.2
T197763B47FDE288DBC2EDC27589B21B15BA71F56400B13B436F70553EAA9BB582B6D300,8d03788de2fad1b5ab8ac1e2c06ad0fb7a4fc8560caa3ac8a6a349303b773c37,chisel,2024-12-05T04:48:41.032787,1.1.2
T11E566DC0F99305BBC6CA4E714CF7971EFB35570441E1AF81EB381A3DE92B26A2129716,89eb3b5e2f1d6c2ee30a19bf8181ef4e57ac0e4e6c1d7e6099544b85dee7c427,chisel,2024-12-05T04:48:41.936845,1.1.2
T1DA762A47F96249DFD2EEC271CDE36710BA71B46440B23792AF71123B59A7B983A2D700,3d569cd8510084e11c2ccd1f7faf6ccf9ec2fef3128a73afc2e4ac5235f82c7a,chisel,2024-12-05T04:48:42.993224,1.1.2
T12256E683F9514A53C2D82373ADBF4385B36B577982E722418D08CF7836AE2ED1A34B55,0f29f5c198f562f4b49e1e4ca2705c917afca3fe5e4f6979e22be00825cc2588,chisel,2024-12-05T04:48:43.870388,1.1.2
T1B6465DC0F96B15FADA8B4F724CB2571EE735570941F1AFC1DBB40B2DE80B266092A361,b732d62abd11bc6202a6d23c990a56acaefe3ff30e7ec2685497f5190e26c959,chisel,2024-12-05T04:48:44.587325,1.1.2
T106565BC0F99B18BACB878E314CB25719B731671402F2EF81EB340A7DED172659A39791,fcdad69d8f9f202ff5e47bb95c255bb8a6ec4432a241d651c83c794c5f796c6c,chisel,2024-12-05T04:48:44.736247,1.1.2
T1D0662947FE6601DAD2DEC23189A15B20BB33B97441713B526F7805291EB7BAC6F6D380,8da66801731e9828cf76a8d66cdaecfab3bd95cc4fc7619cab05cbeb4649303d,chisel,2024-12-05T04:48:45.491568,1.1.2
T1B1761A87BDB649DBD3DDC27089B15B24B631B59401723B826F78113A2A97B993F3E310,c640f9c0c4da3209c498001e8a16a55424bcbcb736039d24f16434805d8f1db7,chisel,2024-12-05T04:48:45.634604,1.1.2
T1CD565CC0F9A709F7DAC60E7188B7435AAF35970601F69F41EBA449BDF90B26A113E305,b345c82afda704fc094dec04aa82fa73d8681cb5136dd34dfd27630a5a5531bf,chisel,2024-12-05T04:48:46.592395,1.1.1
T11676194BFDA348DBC2EDC27688B21B15BB71F55401B13B536F74423DAA5BB982A6D300,178428fa5f2a8d20329a9a73fb0d4fde16c72817243b52ca9e20dae31b90426a,chisel,2024-12-05T04:48:47.555361,1.1.1
T1B6565CC0FD9319BBC6CA4F7148B7831EEB355B0441E5AF81EF781A28F92F2592129716,ca19906e6bce4ae2878caf1e9a5d57186e53b9fd6ca6eebd009cf18ec6b62a4f,chisel,2024-12-05T04:48:48.525121,1.1.1
T1C1761A47FAA148DFC2EEC27589E36714BA71B46405723793AF7106371A67BA83A3D700,abe9c1f53f53191cb2a518a9577d1a66799966f00f83beb0469ad5470c8e6dde,chisel,2024-12-05T04:48:49.497105,1.1.1
T17A56C683F9510A53C2D82373ACBF4395B36B177982F721418A15CB7876AE2ED0B34B56,5e2112a5b7cbdb99536083a7e7d82861f98db287347179d6f8484a57787ca541,chisel,2024-12-05T04:48:50.330504,1.1.1
T1EF465DC0F96B15FADA8B4F724CB2571EE735570941F1AFC1DBB40B2DE80B266092A361,9abed2cbafa915af3962d35a1963b690c8b274616677123c6820ea59f9e9dee4,chisel,2024-12-05T04:48:51.031436,1.1.1
T1BC565CC0FDAB19BACA8B4E314CB2531EB735671442F2EF81DB34093DE847265963A752,4e7fe5c8310e166306f34745e692e1014aea04e1040c40d1483c1bc825e95ab5,chisel,2024-12-05T04:48:51.239805,1.1.1
T16A662947FE6601DAD2DEC23189A15B20BB33B97441713B526F7805291EB7BAC6F6D380,3b6abd44d30c2eb933ed4894ae2acbdb912f903ed888a79e75b386585f873ecb,chisel,2024-12-05T04:48:51.994385,1.1.1
T1E076298BB9A619DBC3DDC27089B15F14B671B59401713F83AF75023B2A97BA82B3D710,b7895f99db3c55f44dd54e726149485e6e7e1ec7b1b38efd15b0cb745da6d158,chisel,2024-12-05T04:48:52.136156,1.1.1
T1A212CA436E009BB7BB43C28172D6E64DF33EF1DC52C6E888306D91666E054B993BF984,65ed54763a97588f5ace7c38d2cdbcf925dd65f2d5fb3ca1548b23c7efb54efd,chisel,2024-12-05T04:48:53.494545,1.1.0
T18D565CC0F9A709F7DAC60E7188B7435AAF35970601F69F41EBA449BDF90B26A113E305,65f9a09753506b364c9140542cc8083d76cd9f3c81aa3aaa7e8d5cc4c6ea1a86,chisel,2024-12-05T04:48:53.709649,1.1.0
T13376194BFDA348DBC2EDC27688B21B15BB71F55401B13B536F74423DAA5BB982A6D300,fd10773da09df72fbf3bc760f166e39959f8f90b6e15959d48cfdedbf9124665,chisel,2024-12-05T04:48:54.748943,1.1.0
T109565CC0FD9319BBC6CA4F7148B7831EEB355B0441E5AF81EF781A28F92F2592129716,ea6e10d252245b30d6a2699e62c1fdc1b047fec98a2efef8bf0ff1494876a151,chisel,2024-12-05T04:48:55.546161,1.1.0
T1E0761A47FAA148DFC2EEC27589E36714BA71B46405723793AF7106371A67BA83A3D700,05bcd4d51bec9de1fecd095c991210013b56799f9cb293e66ac948b9387410e6,chisel,2024-12-05T04:48:56.428815,1.1.0
T14A56C683F9510A53C2D82373ACBF4395B36B177982F721418A15CB7876AE2ED0B34B56,3222b6b37cd00692285a09100087512c0a96d70eabae662aadcf1dba160aac6d,chisel,2024-12-05T04:48:57.351476,1.1.0
T1DE465DC0F96B15FADA8B4F724CB2571EE735570941F1AFC1DBB40B2DE80B266092A361,c101d762930fb97f0fb0571d1045460916351cdaf1fd820684f079a1f535d38e,chisel,2024-12-05T04:48:57.961012,1.1.0
T1A3565CC0FDAB19BACA8B4E314CB2531EB735671442F2EF81DB34093DE847265963A752,5f1ad8b3f7017810272d1bff6ffb8219327909fd143594651d65616726da2b5d,chisel,2024-12-05T04:48:58.086877,1.1.0
T1F9662947FE6601DAD2DEC23189A15B20BB33B97441713B526F7805291EB7BAC6F6D380,4505aed00dcd334d40d21556259728dda8821b8ded43e0568d1155fcc0b27ad5,chisel,2024-12-05T04:48:58.845603,1.1.0
T16E76298BB9A619DBC3DDC27089B15F14B671B59401713F83AF75023B2A97BA82B3D710,266ea05644c7a475b8967083a9afe2044a545edb6dccb3db28b4c2fbc4a5783f,chisel,2024-12-05T04:48:59.115764,1.1.0
T1B4465AC0F99705B7E58A0E7188F7436AF735BB0001B4DB81EBB4866CFD5B27A192A345,42d8b2b869708f1410ac63ff849e52ebed10e7a1f15f7e08a65a54c4d76e3491,chisel,2024-12-05T04:48:59.863515,1.0.1
T198465CC0FD9709F7DA860EB088FA9B9DB7359B0441B5DF41EBB4866CF90B236112A351,e32c5a76a47db37639bb85cc3521fc76e26e412c12b79a17d2807e4e782993a8,chisel,2024-12-05T04:49:00.013732,1.0.1
T1DF66398BFDA284E7C1ADC274CCF22B24BB72B55540753B426F7442252A17BE82F6D724,5f906fe046fb71ebf63990ad6f356d18d4eed55ade0c488ac48d092c44924b79,chisel,2024-12-05T04:49:00.732734,1.0.1
T197763B8BFD6348DBC2ADC2B488B11B24B7B1B55500B53F876F7451292E97BAC2B6D340,db68c0bad1c22a91f4c29d70f6a7de23e5d8afadcc3ed7d61cf056874028b1ea,chisel,2024-12-05T04:49:00.944862,1.0.1
T14C465CC0FDC701BBD5CA0E728CF7472EFB315B1500A4AF50EA785A18F96B26A252D359,3f7d4180db59c409d8e267653f8393a8e3101662a4bc3f8285173012ebc94219,chisel,2024-12-05T04:49:01.676829,1.0.1
T1A1464DC0F9C705BBD5C60EB188FB572EEB35570801F5AF80FA780A1AF91B369152A359,8c1593b6050efe4fa54f21af1a223f0c29105eea4dfdda58f8a08efe15b2b1d0,chisel,2024-12-05T04:49:01.869986,1.0.1
T181663B4BFA6144DBC2EFD2748AA26710BB327C5440B23792AF7152295D37B987E7DB00,0f6d5f6d9aab0be3f0d9c452ccc5351ec987bcc5bce71eb75f1f23a7b5f59031,chisel,2024-12-05T04:49:02.584613,1.0.1
T14C763987FAE205DFC2AEC2B9C8925724B771B42505717793AF71022A5D1BB9CAE7C700,fdb43ffc2149eccf98ccdf2c54171c5cdef092b25d74c97da5a8228a717c2f87,chisel,2024-12-05T04:49:02.823211,1.0.1
T17A46D787B9110A53C2D82377BCBF4281736B077982F712819D19CB7836AF6ED1A34796,230808aed75a1965bdf9c71b5f70b14d686fa25d30f51b03c536ebfb7e9a9889,chisel,2024-12-05T04:49:03.709511,1.0.1
T117460887F9100B53C6D86373ACBF8796736B077982E712808D09CB7436AE2ED1A36755,890a139fd639a7907c63434da4d6978049f230e796c082858b6af20b9163d8c0,chisel,2024-12-05T04:49:03.904892,1.0.1
T173466DC0F9AF15FACA470E714CB2472DBB317B1841B5AF41FBB4052DEC172AA052A7A5,49f618eefa00ed0da8543daf6bb13a9111f0885fdc1ace01111d9a824ea03bbf,chisel,2024-12-05T04:49:04.639900,1.0.1
T1FB465CC1F99B15BAFB8B0E718CB2172D77315B0441B19E81EFB40A2DEC0739A163A395,3be6d638fa26e1854bbf6b7598d44734d3225449f2ce1edce7368d80b29d6e64,chisel,2024-12-05T04:49:04.839295,1.0.1
T1A2661987FAA245DBD3DEC27088B16B24B631B55405717B92BF38022B1A57BA87F7D340,367ea4bcf096a1ae701c2d550e401b4fbfa6058cc8c0d02f0910a1e36f220004,chisel,2024-12-05T04:49:05.766285,1.0.1
T176761886B9A608DFD3EEC27588712720B732B47501707B93AF75022A1E57BAD6E7D340,37569a1f03f57f22a4754e0f50ccaf0efc352ddb8134dc1987f531eb69744f15,chisel,2024-12-05T04:49:06.010713,1.0.1
